PassengerId,Survived,Pclass,Sex,Age,AgeGroup,SibSp,Parch,FamilySize,IsAlone,Fare,Fare_log,FarePerPerson,Embarked,Title,Has_Cabin,Deck
1,0,3,male,22.0,Adult,1,0,2,0,7.25,2.11,3.62,S,Mr,0,Unknown
2,1,1,female,38.0,Adult,1,0,2,0,71.2833,4.281,35.64,C,Mrs,1,C
3,1,3,female,26.0,Adult,0,0,1,1,7.925,2.189,7.92,S,Miss,0,Unknown
4,1,1,female,35.0,Adult,1,0,2,0,53.1,3.991,26.55,S,Mrs,1,C
5,0,3,male,35.0,Adult,0,0,1,1,8.05,2.203,8.05,S,Mr,0,Unknown
6,0,3,male,25.0,Adult,0,0,1,1,8.4583,2.247,8.46,Q,Mr,0,Unknown
7,0,1,male,54.0,Adult,0,0,1,1,51.8625,3.968,51.86,S,Mr,1,E
8,0,3,male,2.0,Child,3,1,5,0,21.075,3.094,4.22,S,Master,0,Unknown
9,1,3,female,27.0,Adult,0,2,3,0,11.1333,2.496,3.71,S,Mrs,0,Unknown
10,1,2,female,14.0,Teen,1,0,2,0,30.0708,3.436,15.04,C,Mrs,0,Unknown
11,1,3,female,4.0,Child,1,1,3,0,16.7,2.874,5.57,S,Miss,1,G
12,1,1,female,58.0,Adult,0,0,1,1,26.55,3.316,26.55,S,Miss,1,C
13,0,3,male,20.0,Adult,0,0,1,1,8.05,2.203,8.05,S,Mr,0,Unknown
14,0,3,male,39.0,Adult,1,5,7,0,31.275,3.474,4.47,S,Mr,0,Unknown
15,0,3,female,14.0,Teen,0,0,1,1,7.8542,2.181,7.85,S,Miss,0,Unknown
16,1,2,female,55.0,Adult,0,0,1,1,16.0,2.833,16.0,S,Mrs,0,Unknown
17,0,3,male,2.0,Child,4,1,6,0,29.125,3.405,4.85,Q,Master,0,Unknown
18,1,2,male,30.0,Adult,0,0,1,1,13.0,2.639,13.0,S,Mr,0,Unknown
19,0,3,female,31.0,Adult,1,0,2,0,18.0,2.944,9.0,S,Mrs,0,Unknown
20,1,3,female,21.5,Adult,0,0,1,1,7.225,2.107,7.22,C,Mrs,0,Unknown
21,0,2,male,35.0,Adult,0,0,1,1,26.0,3.296,26.0,S,Mr,0,Unknown
22,1,2,male,34.0,Adult,0,0,1,1,13.0,2.639,13.0,S,Mr,1,D
23,1,3,female,15.0,Teen,0,0,1,1,8.0292,2.2,8.03,Q,Miss,0,Unknown
24,1,1,male,28.0,Adult,0,0,1,1,35.5,3.597,35.5,S,Mr,1,A
25,0,3,female,8.0,Child,3,1,5,0,21.075,3.094,4.22,S,Miss,0,Unknown
26,1,3,female,38.0,Adult,1,5,7,0,31.3875,3.478,4.48,S,Mrs,0,Unknown
27,0,3,male,25.0,Adult,0,0,1,1,7.225,2.107,7.22,C,Mr,0,Unknown
28,0,1,male,19.0,Adult,3,2,6,0,263.0,5.576,43.83,S,Mr,1,C
29,1,3,female,21.5,Adult,0,0,1,1,7.8792,2.184,7.88,Q,Miss,0,Unknown
30,0,3,male,25.0,Adult,0,0,1,1,7.8958,2.186,7.9,S,Mr,0,Unknown
31,0,1,male,40.0,Adult,0,0,1,1,27.7208,3.358,27.72,C,Rare,0,Unknown
32,1,1,female,35.0,Adult,1,0,2,0,146.5208,4.994,73.26,C,Mrs,1,B
33,1,3,female,21.5,Adult,0,0,1,1,7.75,2.169,7.75,Q,Miss,0,Unknown
34,0,2,male,66.0,Senior,0,0,1,1,10.5,2.442,10.5,S,Mr,0,Unknown
35,0,1,male,28.0,Adult,1,0,2,0,82.1708,4.421,41.09,C,Mr,0,Unknown
36,0,1,male,42.0,Adult,1,0,2,0,52.0,3.97,26.0,S,Mr,0,Unknown
37,1,3,male,25.0,Adult,0,0,1,1,7.2292,2.108,7.23,C,Mr,0,Unknown
38,0,3,male,21.0,Adult,0,0,1,1,8.05,2.203,8.05,S,Mr,0,Unknown
39,0,3,female,18.0,Teen,2,0,3,0,18.0,2.944,6.0,S,Miss,0,Unknown
40,1,3,female,14.0,Teen,1,0,2,0,11.2417,2.505,5.62,C,Miss,0,Unknown
41,0,3,female,40.0,Adult,1,0,2,0,9.475,2.349,4.74,S,Mrs,0,Unknown
42,0,2,female,27.0,Adult,1,0,2,0,21.0,3.091,10.5,S,Mrs,0,Unknown
43,0,3,male,25.0,Adult,0,0,1,1,7.8958,2.186,7.9,C,Mr,0,Unknown
44,1,2,female,3.0,Child,1,2,4,0,41.5792,3.751,10.39,C,Miss,0,Unknown
45,1,3,female,19.0,Adult,0,0,1,1,7.8792,2.184,7.88,Q,Miss,0,Unknown
46,0,3,male,25.0,Adult,0,0,1,1,8.05,2.203,8.05,S,Mr,0,Unknown
47,0,3,male,25.0,Adult,1,0,2,0,15.5,2.803,7.75,Q,Mr,0,Unknown
48,1,3,female,21.5,Adult,0,0,1,1,7.75,2.169,7.75,Q,Miss,0,Unknown
49,0,3,male,25.0,Adult,2,0,3,0,21.6792,3.121,7.23,C,Mr,0,Unknown
50,0,3,female,18.0,Teen,1,0,2,0,17.8,2.934,8.9,S,Mrs,0,Unknown
51,0,3,male,7.0,Child,4,1,6,0,39.6875,3.706,6.61,S,Master,0,Unknown
52,0,3,male,21.0,Adult,0,0,1,1,7.8,2.175,7.8,S,Mr,0,Unknown
53,1,1,female,49.0,Adult,1,0,2,0,76.7292,4.353,38.36,C,Mrs,1,D
54,1,2,female,29.0,Adult,1,0,2,0,26.0,3.296,13.0,S,Mrs,0,Unknown
55,0,1,male,65.0,Senior,0,1,2,0,61.9792,4.143,30.99,C,Mr,1,B
56,1,1,male,40.0,Adult,0,0,1,1,35.5,3.597,35.5,S,Mr,1,C
57,1,2,female,21.0,Adult,0,0,1,1,10.5,2.442,10.5,S,Miss,0,Unknown
58,0,3,male,28.5,Adult,0,0,1,1,7.2292,2.108,7.23,C,Mr,0,Unknown
59,1,2,female,5.0,Child,1,2,4,0,27.75,3.359,6.94,S,Miss,0,Unknown
60,0,3,male,11.0,Child,5,2,8,0,46.9,3.869,5.86,S,Master,0,Unknown
61,0,3,male,22.0,Adult,0,0,1,1,7.2292,2.108,7.23,C,Mr,0,Unknown
62,1,1,female,38.0,Adult,0,0,1,1,80.0,4.394,80.0,S,Miss,1,B
63,0,1,male,45.0,Adult,1,0,2,0,83.475,4.436,41.74,S,Mr,1,C
64,0,3,male,4.0,Child,3,2,6,0,27.9,3.364,4.65,S,Master,0,Unknown
65,0,1,male,40.0,Adult,0,0,1,1,27.7208,3.358,27.72,C,Mr,0,Unknown
66,1,3,male,25.0,Adult,1,1,3,0,15.2458,2.788,5.08,C,Master,0,Unknown
67,1,2,female,29.0,Adult,0,0,1,1,10.5,2.442,10.5,S,Mrs,1,F
68,0,3,male,19.0,Adult,0,0,1,1,8.1583,2.215,8.16,S,Mr,0,Unknown
69,1,3,female,17.0,Teen,4,2,7,0,7.925,2.189,1.13,S,Miss,0,Unknown
70,0,3,male,26.0,Adult,2,0,3,0,8.6625,2.268,2.89,S,Mr,0,Unknown
71,0,2,male,32.0,Adult,0,0,1,1,10.5,2.442,10.5,S,Mr,0,Unknown
72,0,3,female,16.0,Teen,5,2,8,0,46.9,3.869,5.86,S,Miss,0,Unknown
73,0,2,male,21.0,Adult,0,0,1,1,73.5,4.311,73.5,S,Mr,0,Unknown
74,0,3,male,26.0,Adult,1,0,2,0,14.4542,2.738,7.23,C,Mr,0,Unknown
75,1,3,male,32.0,Adult,0,0,1,1,56.4958,4.052,56.5,S,Mr,0,Unknown
76,0,3,male,25.0,Adult,0,0,1,1,7.65,2.158,7.65,S,Mr,1,F
77,0,3,male,25.0,Adult,0,0,1,1,7.8958,2.186,7.9,S,Mr,0,Unknown
78,0,3,male,25.0,Adult,0,0,1,1,8.05,2.203,8.05,S,Mr,0,Unknown
79,1,2,male,0.8,Child,0,2,3,0,29.0,3.401,9.67,S,Master,0,Unknown
80,1,3,female,30.0,Adult,0,0,1,1,12.475,2.601,12.48,S,Miss,0,Unknown
81,0,3,male,22.0,Adult,0,0,1,1,9.0,2.303,9.0,S,Mr,0,Unknown
82,1,3,male,29.0,Adult,0,0,1,1,9.5,2.351,9.5,S,Mr,0,Unknown
83,1,3,female,21.5,Adult,0,0,1,1,7.7875,2.173,7.79,Q,Miss,0,Unknown
84,0,1,male,28.0,Adult,0,0,1,1,47.1,3.873,47.1,S,Mr,0,Unknown
85,1,2,female,17.0,Teen,0,0,1,1,10.5,2.442,10.5,S,Miss,0,Unknown
86,1,3,female,33.0,Adult,3,0,4,0,15.85,2.824,3.96,S,Mrs,0,Unknown
87,0,3,male,16.0,Teen,1,3,5,0,34.375,3.566,6.88,S,Mr,0,Unknown
88,0,3,male,25.0,Adult,0,0,1,1,8.05,2.203,8.05,S,Mr,0,Unknown
89,1,1,female,23.0,Adult,3,2,6,0,263.0,5.576,43.83,S,Miss,1,C
90,0,3,male,24.0,Adult,0,0,1,1,8.05,2.203,8.05,S,Mr,0,Unknown
91,0,3,male,29.0,Adult,0,0,1,1,8.05,2.203,8.05,S,Mr,0,Unknown
92,0,3,male,20.0,Adult,0,0,1,1,7.8542,2.181,7.85,S,Mr,0,Unknown
93,0,1,male,46.0,Adult,1,0,2,0,61.175,4.13,30.59,S,Mr,1,E
94,0,3,male,26.0,Adult,1,2,4,0,20.575,3.072,5.14,S,Mr,0,Unknown
95,0,3,male,59.0,Adult,0,0,1,1,7.25,2.11,7.25,S,Mr,0,Unknown
96,0,3,male,25.0,Adult,0,0,1,1,8.05,2.203,8.05,S,Mr,0,Unknown
97,0,1,male,71.0,Senior,0,0,1,1,34.6542,3.574,34.65,C,Mr,1,A
98,1,1,male,23.0,Adult,0,1,2,0,63.3583,4.164,31.68,C,Mr,1,D
99,1,2,female,34.0,Adult,0,1,2,0,23.0,3.178,11.5,S,Mrs,0,Unknown
100,0,2,male,34.0,Adult,1,0,2,0,26.0,3.296,13.0,S,Mr,0,Unknown
101,0,3,female,28.0,Adult,0,0,1,1,7.8958,2.186,7.9,S,Miss,0,Unknown
102,0,3,male,25.0,Adult,0,0,1,1,7.8958,2.186,7.9,S,Mr,0,Unknown
103,0,1,male,21.0,Adult,0,1,2,0,77.2875,4.36,38.64,S,Mr,1,D
104,0,3,male,33.0,Adult,0,0,1,1,8.6542,2.267,8.65,S,Mr,0,Unknown
105,0,3,male,37.0,Adult,2,0,3,0,7.925,2.189,2.64,S,Mr,0,Unknown
106,0,3,male,28.0,Adult,0,0,1,1,7.8958,2.186,7.9,S,Mr,0,Unknown
107,1,3,female,21.0,Adult,0,0,1,1,7.65,2.158,7.65,S,Miss,0,Unknown
108,1,3,male,25.0,Adult,0,0,1,1,7.775,2.172,7.78,S,Mr,0,Unknown
109,0,3,male,38.0,Adult,0,0,1,1,7.8958,2.186,7.9,S,Mr,0,Unknown
110,1,3,female,21.5,Adult,1,0,2,0,24.15,3.225,12.08,Q,Miss,0,Unknown
111,0,1,male,47.0,Adult,0,0,1,1,52.0,3.97,52.0,S,Mr,1,C
112,0,3,female,14.5,Teen,1,0,2,0,14.4542,2.738,7.23,C,Miss,0,Unknown
113,0,3,male,22.0,Adult,0,0,1,1,8.05,2.203,8.05,S,Mr,0,Unknown
114,0,3,female,20.0,Adult,1,0,2,0,9.825,2.382,4.91,S,Miss,0,Unknown
115,0,3,female,17.0,Teen,0,0,1,1,14.4583,2.738,14.46,C,Miss,0,Unknown
116,0,3,male,21.0,Adult,0,0,1,1,7.925,2.189,7.92,S,Mr,0,Unknown
117,0,3,male,70.5,Senior,0,0,1,1,7.75,2.169,7.75,Q,Mr,0,Unknown
118,0,2,male,29.0,Adult,1,0,2,0,21.0,3.091,10.5,S,Mr,0,Unknown
119,0,1,male,24.0,Adult,0,1,2,0,247.5208,5.516,123.76,C,Mr,1,B
120,0,3,female,2.0,Child,4,2,7,0,31.275,3.474,4.47,S,Miss,0,Unknown
121,0,2,male,21.0,Adult,2,0,3,0,73.5,4.311,24.5,S,Mr,0,Unknown
122,0,3,male,25.0,Adult,0,0,1,1,8.05,2.203,8.05,S,Mr,0,Unknown
123,0,2,male,32.5,Adult,1,0,2,0,30.0708,3.436,15.04,C,Mr,0,Unknown
124,1,2,female,32.5,Adult,0,0,1,1,13.0,2.639,13.0,S,Miss,1,E
125,0,1,male,54.0,Adult,0,1,2,0,77.2875,4.36,38.64,S,Mr,1,D
126,1,3,male,12.0,Child,1,0,2,0,11.2417,2.505,5.62,C,Master,0,Unknown
127,0,3,male,25.0,Adult,0,0,1,1,7.75,2.169,7.75,Q,Mr,0,Unknown
128,1,3,male,24.0,Adult,0,0,1,1,7.1417,2.097,7.14,S,Mr,0,Unknown
129,1,3,female,21.5,Adult,1,1,3,0,22.3583,3.151,7.45,C,Miss,1,F
130,0,3,male,45.0,Adult,0,0,1,1,6.975,2.076,6.98,S,Mr,0,Unknown
131,0,3,male,33.0,Adult,0,0,1,1,7.8958,2.186,7.9,C,Mr,0,Unknown
132,0,3,male,20.0,Adult,0,0,1,1,7.05,2.086,7.05,S,Mr,0,Unknown
133,0,3,female,47.0,Adult,1,0,2,0,14.5,2.741,7.25,S,Mrs,0,Unknown
134,1,2,female,29.0,Adult,1,0,2,0,26.0,3.296,13.0,S,Mrs,0,Unknown
135,0,2,male,25.0,Adult,0,0,1,1,13.0,2.639,13.0,S,Mr,0,Unknown
136,0,2,male,23.0,Adult,0,0,1,1,15.0458,2.775,15.05,C,Mr,0,Unknown
137,1,1,female,19.0,Adult,0,2,3,0,26.2833,3.306,8.76,S,Miss,1,D
138,0,1,male,37.0,Adult,1,0,2,0,53.1,3.991,26.55,S,Mr,1,C
139,0,3,male,16.0,Teen,0,0,1,1,9.2167,2.324,9.22,S,Mr,0,Unknown
140,0,1,male,24.0,Adult,0,0,1,1,79.2,4.385,79.2,C,Mr,1,B
141,0,3,female,21.5,Adult,0,2,3,0,15.2458,2.788,5.08,C,Mrs,0,Unknown
142,1,3,female,22.0,Adult,0,0,1,1,7.75,2.169,7.75,S,Miss,0,Unknown
143,1,3,female,24.0,Adult,1,0,2,0,15.85,2.824,7.92,S,Mrs,0,Unknown
144,0,3,male,19.0,Adult,0,0,1,1,6.75,2.048,6.75,Q,Mr,0,Unknown
145,0,2,male,18.0,Teen,0,0,1,1,11.5,2.526,11.5,S,Mr,0,Unknown
146,0,2,male,19.0,Adult,1,1,3,0,36.75,3.631,12.25,S,Mr,0,Unknown
147,1,3,male,27.0,Adult,0,0,1,1,7.7958,2.174,7.8,S,Mr,0,Unknown
148,0,3,female,9.0,Child,2,2,5,0,34.375,3.566,6.88,S,Miss,0,Unknown
149,0,2,male,36.5,Adult,0,2,3,0,26.0,3.296,8.67,S,Mr,1,F
150,0,2,male,42.0,Adult,0,0,1,1,13.0,2.639,13.0,S,Rare,0,Unknown
151,0,2,male,51.0,Adult,0,0,1,1,12.525,2.605,12.52,S,Rare,0,Unknown
152,1,1,female,22.0,Adult,1,0,2,0,66.6,4.214,33.3,S,Mrs,1,C
153,0,3,male,55.5,Adult,0,0,1,1,8.05,2.203,8.05,S,Mr,0,Unknown
154,0,3,male,40.5,Adult,0,2,3,0,14.5,2.741,4.83,S,Mr,0,Unknown
155,0,3,male,25.0,Adult,0,0,1,1,7.3125,2.118,7.31,S,Mr,0,Unknown
156,0,1,male,51.0,Adult,0,1,2,0,61.3792,4.133,30.69,C,Mr,0,Unknown
157,1,3,female,16.0,Teen,0,0,1,1,7.7333,2.167,7.73,Q,Miss,0,Unknown
158,0,3,male,30.0,Adult,0,0,1,1,8.05,2.203,8.05,S,Mr,0,Unknown
159,0,3,male,25.0,Adult,0,0,1,1,8.6625,2.268,8.66,S,Mr,0,Unknown
160,0,3,male,25.0,Adult,8,2,11,0,69.55,4.256,6.32,S,Master,0,Unknown
161,0,3,male,44.0,Adult,0,1,2,0,16.1,2.839,8.05,S,Mr,0,Unknown
162,1,2,female,40.0,Adult,0,0,1,1,15.75,2.818,15.75,S,Mrs,0,Unknown
163,0,3,male,26.0,Adult,0,0,1,1,7.775,2.172,7.78,S,Mr,0,Unknown
164,0,3,male,17.0,Teen,0,0,1,1,8.6625,2.268,8.66,S,Mr,0,Unknown
165,0,3,male,1.0,Child,4,1,6,0,39.6875,3.706,6.61,S,Master,0,Unknown
166,1,3,male,9.0,Child,0,2,3,0,20.525,3.069,6.84,S,Master,0,Unknown
167,1,1,female,35.0,Adult,0,1,2,0,55.0,4.025,27.5,S,Mrs,1,E
168,0,3,female,45.0,Adult,1,4,6,0,27.9,3.364,4.65,S,Mrs,0,Unknown
169,0,1,male,40.0,Adult,0,0,1,1,25.925,3.293,25.92,S,Mr,0,Unknown
170,0,3,male,28.0,Adult,0,0,1,1,56.4958,4.052,56.5,S,Mr,0,Unknown
171,0,1,male,61.0,Senior,0,0,1,1,33.5,3.541,33.5,S,Mr,1,B
172,0,3,male,4.0,Child,4,1,6,0,29.125,3.405,4.85,Q,Master,0,Unknown
173,1,3,female,1.0,Child,1,1,3,0,11.1333,2.496,3.71,S,Miss,0,Unknown
174,0,3,male,21.0,Adult,0,0,1,1,7.925,2.189,7.92,S,Mr,0,Unknown
175,0,1,male,56.0,Adult,0,0,1,1,30.6958,3.456,30.7,C,Mr,1,A
176,0,3,male,18.0,Teen,1,1,3,0,7.8542,2.181,2.62,S,Mr,0,Unknown
177,0,3,male,25.0,Adult,3,1,5,0,25.4667,3.276,5.09,S,Master,0,Unknown
178,0,1,female,50.0,Adult,0,0,1,1,28.7125,3.392,28.71,C,Miss,1,C
179,0,2,male,30.0,Adult,0,0,1,1,13.0,2.639,13.0,S,Mr,0,Unknown
180,0,3,male,36.0,Adult,0,0,1,1,0.0,0.0,0.0,S,Mr,0,Unknown
181,0,3,female,21.5,Adult,8,2,11,0,69.55,4.256,6.32,S,Miss,0,Unknown
182,0,2,male,30.0,Adult,0,0,1,1,15.05,2.776,15.05,C,Mr,0,Unknown
183,0,3,male,9.0,Child,4,2,7,0,31.3875,3.478,4.48,S,Master,0,Unknown
184,1,2,male,1.0,Child,2,1,4,0,39.0,3.689,9.75,S,Master,1,F
185,1,3,female,4.0,Child,0,2,3,0,22.025,3.137,7.34,S,Miss,0,Unknown
186,0,1,male,40.0,Adult,0,0,1,1,50.0,3.932,50.0,S,Mr,1,A
187,1,3,female,21.5,Adult,1,0,2,0,15.5,2.803,7.75,Q,Mrs,0,Unknown
188,1,1,male,45.0,Adult,0,0,1,1,26.55,3.316,26.55,S,Mr,0,Unknown
189,0,3,male,40.0,Adult,1,1,3,0,15.5,2.803,5.17,Q,Mr,0,Unknown
190,0,3,male,36.0,Adult,0,0,1,1,7.8958,2.186,7.9,S,Mr,0,Unknown
191,1,2,female,32.0,Adult,0,0,1,1,13.0,2.639,13.0,S,Mrs,0,Unknown
192,0,2,male,19.0,Adult,0,0,1,1,13.0,2.639,13.0,S,Mr,0,Unknown
193,1,3,female,19.0,Adult,1,0,2,0,7.8542,2.181,3.93,S,Miss,0,Unknown
194,1,2,male,3.0,Child,1,1,3,0,26.0,3.296,8.67,S,Master,1,F
195,1,1,female,44.0,Adult,0,0,1,1,27.7208,3.358,27.72,C,Mrs,1,B
196,1,1,female,58.0,Adult,0,0,1,1,146.5208,4.994,146.52,C,Miss,1,B
197,0,3,male,25.0,Adult,0,0,1,1,7.75,2.169,7.75,Q,Mr,0,Unknown
198,0,3,male,42.0,Adult,0,1,2,0,8.4042,2.241,4.2,S,Mr,0,Unknown
199,1,3,female,21.5,Adult,0,0,1,1,7.75,2.169,7.75,Q,Miss,0,Unknown
200,0,2,female,24.0,Adult,0,0,1,1,13.0,2.639,13.0,S,Miss,0,Unknown
201,0,3,male,28.0,Adult,0,0,1,1,9.5,2.351,9.5,S,Mr,0,Unknown
202,0,3,male,25.0,Adult,8,2,11,0,69.55,4.256,6.32,S,Mr,0,Unknown
203,0,3,male,34.0,Adult,0,0,1,1,6.4958,2.014,6.5,S,Mr,0,Unknown
204,0,3,male,45.5,Adult,0,0,1,1,7.225,2.107,7.22,C,Mr,0,Unknown
205,1,3,male,18.0,Teen,0,0,1,1,8.05,2.203,8.05,S,Mr,0,Unknown
206,0,3,female,2.0,Child,0,1,2,0,10.4625,2.439,5.23,S,Miss,1,G
207,0,3,male,32.0,Adult,1,0,2,0,15.85,2.824,7.92,S,Mr,0,Unknown
208,1,3,male,26.0,Adult,0,0,1,1,18.7875,2.985,18.79,C,Mr,0,Unknown
209,1,3,female,16.0,Teen,0,0,1,1,7.75,2.169,7.75,Q,Miss,0,Unknown
210,1,1,male,40.0,Adult,0,0,1,1,31.0,3.466,31.0,C,Mr,1,A
211,0,3,male,24.0,Adult,0,0,1,1,7.05,2.086,7.05,S,Mr,0,Unknown
212,1,2,female,35.0,Adult,0,0,1,1,21.0,3.091,21.0,S,Miss,0,Unknown
213,0,3,male,22.0,Adult,0,0,1,1,7.25,2.11,7.25,S,Mr,0,Unknown
214,0,2,male,30.0,Adult,0,0,1,1,13.0,2.639,13.0,S,Mr,0,Unknown
215,0,3,male,25.0,Adult,1,0,2,0,7.75,2.169,3.88,Q,Mr,0,Unknown
216,1,1,female,31.0,Adult,1,0,2,0,113.275,4.739,56.64,C,Miss,1,D
217,1,3,female,27.0,Adult,0,0,1,1,7.925,2.189,7.92,S,Miss,0,Unknown
218,0,2,male,42.0,Adult,1,0,2,0,27.0,3.332,13.5,S,Mr,0,Unknown
219,1,1,female,32.0,Adult,0,0,1,1,76.2917,4.348,76.29,C,Miss,1,D
220,0,2,male,30.0,Adult,0,0,1,1,10.5,2.442,10.5,S,Mr,0,Unknown
221,1,3,male,16.0,Teen,0,0,1,1,8.05,2.203,8.05,S,Mr,0,Unknown
222,0,2,male,27.0,Adult,0,0,1,1,13.0,2.639,13.0,S,Mr,0,Unknown
223,0,3,male,51.0,Adult,0,0,1,1,8.05,2.203,8.05,S,Mr,0,Unknown
224,0,3,male,25.0,Adult,0,0,1,1,7.8958,2.186,7.9,S,Mr,0,Unknown
225,1,1,male,38.0,Adult,1,0,2,0,90.0,4.511,45.0,S,Mr,1,C
226,0,3,male,22.0,Adult,0,0,1,1,9.35,2.337,9.35,S,Mr,0,Unknown
227,1,2,male,19.0,Adult,0,0,1,1,10.5,2.442,10.5,S,Mr,0,Unknown
228,0,3,male,20.5,Adult,0,0,1,1,7.25,2.11,7.25,S,Mr,0,Unknown
229,0,2,male,18.0,Teen,0,0,1,1,13.0,2.639,13.0,S,Mr,0,Unknown
230,0,3,female,21.5,Adult,3,1,5,0,25.4667,3.276,5.09,S,Miss,0,Unknown
231,1,1,female,35.0,Adult,1,0,2,0,83.475,4.436,41.74,S,Mrs,1,C
232,0,3,male,29.0,Adult,0,0,1,1,7.775,2.172,7.78,S,Mr,0,Unknown
233,0,2,male,59.0,Adult,0,0,1,1,13.5,2.674,13.5,S,Mr,0,Unknown
234,1,3,female,5.0,Child,4,2,7,0,31.3875,3.478,4.48,S,Miss,0,Unknown
235,0,2,male,24.0,Adult,0,0,1,1,10.5,2.442,10.5,S,Mr,0,Unknown
236,0,3,female,21.5,Adult,0,0,1,1,7.55,2.146,7.55,S,Miss,0,Unknown
237,0,2,male,44.0,Adult,1,0,2,0,26.0,3.296,13.0,S,Mr,0,Unknown
238,1,2,female,8.0,Child,0,2,3,0,26.25,3.305,8.75,S,Miss,0,Unknown
239,0,2,male,19.0,Adult,0,0,1,1,10.5,2.442,10.5,S,Mr,0,Unknown
240,0,2,male,33.0,Adult,0,0,1,1,12.275,2.586,12.28,S,Mr,0,Unknown
241,0,3,female,21.5,Adult,1,0,2,0,14.4542,2.738,7.23,C,Miss,0,Unknown
242,1,3,female,21.5,Adult,1,0,2,0,15.5,2.803,7.75,Q,Miss,0,Unknown
243,0,2,male,29.0,Adult,0,0,1,1,10.5,2.442,10.5,S,Mr,0,Unknown
244,0,3,male,22.0,Adult,0,0,1,1,7.125,2.095,7.12,S,Mr,0,Unknown
245,0,3,male,30.0,Adult,0,0,1,1,7.225,2.107,7.22,C,Mr,0,Unknown
246,0,1,male,44.0,Adult,2,0,3,0,90.0,4.511,30.0,Q,Rare,1,C
247,0,3,female,25.0,Adult,0,0,1,1,7.775,2.172,7.78,S,Miss,0,Unknown
248,1,2,female,24.0,Adult,0,2,3,0,14.5,2.741,4.83,S,Mrs,0,Unknown
249,1,1,male,37.0,Adult,1,1,3,0,52.5542,3.981,17.52,S,Mr,1,D
250,0,2,male,54.0,Adult,1,0,2,0,26.0,3.296,13.0,S,Rare,0,Unknown
251,0,3,male,25.0,Adult,0,0,1,1,7.25,2.11,7.25,S,Mr,0,Unknown
252,0,3,female,29.0,Adult,1,1,3,0,10.4625,2.439,3.49,S,Mrs,1,G
253,0,1,male,62.0,Senior,0,0,1,1,26.55,3.316,26.55,S,Mr,1,C
254,0,3,male,30.0,Adult,1,0,2,0,16.1,2.839,8.05,S,Mr,0,Unknown
255,0,3,female,41.0,Adult,0,2,3,0,20.2125,3.055,6.74,S,Mrs,0,Unknown
256,1,3,female,29.0,Adult,0,2,3,0,15.2458,2.788,5.08,C,Mrs,0,Unknown
257,1,1,female,35.0,Adult,0,0,1,1,79.2,4.385,79.2,C,Mrs,0,Unknown
258,1,1,female,30.0,Adult,0,0,1,1,86.5,4.472,86.5,S,Miss,1,B
259,1,1,female,35.0,Adult,0,0,1,1,512.3292,6.241,512.33,C,Miss,0,Unknown
260,1,2,female,50.0,Adult,0,1,2,0,26.0,3.296,13.0,S,Mrs,0,Unknown
261,0,3,male,25.0,Adult,0,0,1,1,7.75,2.169,7.75,Q,Mr,0,Unknown
262,1,3,male,3.0,Child,4,2,7,0,31.3875,3.478,4.48,S,Master,0,Unknown
263,0,1,male,52.0,Adult,1,1,3,0,79.65,4.39,26.55,S,Mr,1,E
264,0,1,male,40.0,Adult,0,0,1,1,0.0,0.0,0.0,S,Mr,1,B
265,0,3,female,21.5,Adult,0,0,1,1,7.75,2.169,7.75,Q,Miss,0,Unknown
266,0,2,male,36.0,Adult,0,0,1,1,10.5,2.442,10.5,S,Mr,0,Unknown
267,0,3,male,16.0,Teen,4,1,6,0,39.6875,3.706,6.61,S,Mr,0,Unknown
268,1,3,male,25.0,Adult,1,0,2,0,7.775,2.172,3.89,S,Mr,0,Unknown
269,1,1,female,58.0,Adult,0,1,2,0,153.4625,5.04,76.73,S,Mrs,1,C
270,1,1,female,35.0,Adult,0,0,1,1,135.6333,4.917,135.63,S,Miss,1,C
271,0,1,male,40.0,Adult,0,0,1,1,31.0,3.466,31.0,S,Mr,0,Unknown
272,1,3,male,25.0,Adult,0,0,1,1,0.0,0.0,0.0,S,Mr,0,Unknown
273,1,2,female,41.0,Adult,0,1,2,0,19.5,3.02,9.75,S,Mrs,0,Unknown
274,0,1,male,37.0,Adult,0,1,2,0,29.7,3.424,14.85,C,Mr,1,C
275,1,3,female,21.5,Adult,0,0,1,1,7.75,2.169,7.75,Q,Miss,0,Unknown
276,1,1,female,63.0,Senior,1,0,2,0,77.9583,4.369,38.98,S,Miss,1,D
277,0,3,female,45.0,Adult,0,0,1,1,7.75,2.169,7.75,S,Miss,0,Unknown
278,0,2,male,30.0,Adult,0,0,1,1,0.0,0.0,0.0,S,Mr,0,Unknown
279,0,3,male,7.0,Child,4,1,6,0,29.125,3.405,4.85,Q,Master,0,Unknown
280,1,3,female,35.0,Adult,1,1,3,0,20.25,3.056,6.75,S,Mrs,0,Unknown
281,0,3,male,65.0,Senior,0,0,1,1,7.75,2.169,7.75,Q,Mr,0,Unknown
282,0,3,male,28.0,Adult,0,0,1,1,7.8542,2.181,7.85,S,Mr,0,Unknown
283,0,3,male,16.0,Teen,0,0,1,1,9.5,2.351,9.5,S,Mr,0,Unknown
284,1,3,male,19.0,Adult,0,0,1,1,8.05,2.203,8.05,S,Mr,0,Unknown
285,0,1,male,40.0,Adult,0,0,1,1,26.0,3.296,26.0,S,Mr,1,A
286,0,3,male,33.0,Adult,0,0,1,1,8.6625,2.268,8.66,C,Mr,0,Unknown
287,1,3,male,30.0,Adult,0,0,1,1,9.5,2.351,9.5,S,Mr,0,Unknown
288,0,3,male,22.0,Adult,0,0,1,1,7.8958,2.186,7.9,S,Mr,0,Unknown
289,1,2,male,42.0,Adult,0,0,1,1,13.0,2.639,13.0,S,Mr,0,Unknown
290,1,3,female,22.0,Adult,0,0,1,1,7.75,2.169,7.75,Q,Miss,0,Unknown
291,1,1,female,26.0,Adult,0,0,1,1,78.85,4.38,78.85,S,Miss,0,Unknown
292,1,1,female,19.0,Adult,1,0,2,0,91.0792,4.523,45.54,C,Mrs,1,B
293,0,2,male,36.0,Adult,0,0,1,1,12.875,2.63,12.88,C,Mr,1,D
294,0,3,female,24.0,Adult,0,0,1,1,8.85,2.287,8.85,S,Miss,0,Unknown
295,0,3,male,24.0,Adult,0,0,1,1,7.8958,2.186,7.9,S,Mr,0,Unknown
296,0,1,male,40.0,Adult,0,0,1,1,27.7208,3.358,27.72,C,Mr,0,Unknown
297,0,3,male,23.5,Adult,0,0,1,1,7.2292,2.108,7.23,C,Mr,0,Unknown
298,0,1,female,2.0,Child,1,2,4,0,151.55,5.027,37.89,S,Miss,1,C
299,1,1,male,40.0,Adult,0,0,1,1,30.5,3.45,30.5,S,Mr,1,C
300,1,1,female,50.0,Adult,0,1,2,0,247.5208,5.516,123.76,C,Mrs,1,B
301,1,3,female,21.5,Adult,0,0,1,1,7.75,2.169,7.75,Q,Miss,0,Unknown
302,1,3,male,25.0,Adult,2,0,3,0,23.25,3.188,7.75,Q,Mr,0,Unknown
303,0,3,male,19.0,Adult,0,0,1,1,0.0,0.0,0.0,S,Mr,0,Unknown
304,1,2,female,28.0,Adult,0,0,1,1,12.35,2.592,12.35,Q,Miss,1,E
305,0,3,male,25.0,Adult,0,0,1,1,8.05,2.203,8.05,S,Mr,0,Unknown
306,1,1,male,0.9,Child,1,2,4,0,151.55,5.027,37.89,S,Master,1,C
307,1,1,female,35.0,Adult,0,0,1,1,110.8833,4.717,110.88,C,Miss,0,Unknown
308,1,1,female,17.0,Teen,1,0,2,0,108.9,4.7,54.45,C,Mrs,1,C
309,0,2,male,30.0,Adult,1,0,2,0,24.0,3.219,12.0,C,Mr,0,Unknown
310,1,1,female,30.0,Adult,0,0,1,1,56.9292,4.059,56.93,C,Miss,1,E
311,1,1,female,24.0,Adult,0,0,1,1,83.1583,4.433,83.16,C,Miss,1,C
312,1,1,female,18.0,Teen,2,2,5,0,262.375,5.574,52.48,C,Miss,1,B
313,0,2,female,26.0,Adult,1,1,3,0,26.0,3.296,8.67,S,Mrs,0,Unknown
314,0,3,male,28.0,Adult,0,0,1,1,7.8958,2.186,7.9,S,Mr,0,Unknown
315,0,2,male,43.0,Adult,1,1,3,0,26.25,3.305,8.75,S,Mr,0,Unknown
316,1,3,female,26.0,Adult,0,0,1,1,7.8542,2.181,7.85,S,Miss,0,Unknown
317,1,2,female,24.0,Adult,1,0,2,0,26.0,3.296,13.0,S,Mrs,0,Unknown
318,0,2,male,54.0,Adult,0,0,1,1,14.0,2.708,14.0,S,Rare,0,Unknown
319,1,1,female,31.0,Adult,0,2,3,0,164.8667,5.111,54.96,S,Miss,1,C
320,1,1,female,40.0,Adult,1,1,3,0,134.5,4.909,44.83,C,Mrs,1,E
321,0,3,male,22.0,Adult,0,0,1,1,7.25,2.11,7.25,S,Mr,0,Unknown
322,0,3,male,27.0,Adult,0,0,1,1,7.8958,2.186,7.9,S,Mr,0,Unknown
323,1,2,female,30.0,Adult,0,0,1,1,12.35,2.592,12.35,Q,Miss,0,Unknown
324,1,2,female,22.0,Adult,1,1,3,0,29.0,3.401,9.67,S,Mrs,0,Unknown
325,0,3,male,25.0,Adult,8,2,11,0,69.55,4.256,6.32,S,Mr,0,Unknown
326,1,1,female,36.0,Adult,0,0,1,1,135.6333,4.917,135.63,C,Miss,1,C
327,0,3,male,61.0,Senior,0,0,1,1,6.2375,1.979,6.24,S,Mr,0,Unknown
328,1,2,female,36.0,Adult,0,0,1,1,13.0,2.639,13.0,S,Mrs,1,D
329,1,3,female,31.0,Adult,1,1,3,0,20.525,3.069,6.84,S,Mrs,0,Unknown
330,1,1,female,16.0,Teen,0,1,2,0,57.9792,4.077,28.99,C,Miss,1,B
331,1,3,female,21.5,Adult,2,0,3,0,23.25,3.188,7.75,Q,Miss,0,Unknown
332,0,1,male,45.5,Adult,0,0,1,1,28.5,3.384,28.5,S,Mr,1,C
333,0,1,male,38.0,Adult,0,1,2,0,153.4625,5.04,76.73,S,Mr,1,C
334,0,3,male,16.0,Teen,2,0,3,0,18.0,2.944,6.0,S,Mr,0,Unknown
335,1,1,female,35.0,Adult,1,0,2,0,133.65,4.903,66.82,S,Mrs,0,Unknown
336,0,3,male,25.0,Adult,0,0,1,1,7.8958,2.186,7.9,S,Mr,0,Unknown
337,0,1,male,29.0,Adult,1,0,2,0,66.6,4.214,33.3,S,Mr,1,C
338,1,1,female,41.0,Adult,0,0,1,1,134.5,4.909,134.5,C,Miss,1,E
339,1,3,male,45.0,Adult,0,0,1,1,8.05,2.203,8.05,S,Mr,0,Unknown
340,0,1,male,45.0,Adult,0,0,1,1,35.5,3.597,35.5,S,Mr,1,T
341,1,2,male,2.0,Child,1,1,3,0,26.0,3.296,8.67,S,Master,1,F
342,1,1,female,24.0,Adult,3,2,6,0,263.0,5.576,43.83,S,Miss,1,C
343,0,2,male,28.0,Adult,0,0,1,1,13.0,2.639,13.0,S,Mr,0,Unknown
344,0,2,male,25.0,Adult,0,0,1,1,13.0,2.639,13.0,S,Mr,0,Unknown
345,0,2,male,36.0,Adult,0,0,1,1,13.0,2.639,13.0,S,Mr,0,Unknown
346,1,2,female,24.0,Adult,0,0,1,1,13.0,2.639,13.0,S,Miss,1,F
347,1,2,female,40.0,Adult,0,0,1,1,13.0,2.639,13.0,S,Miss,0,Unknown
348,1,3,female,21.5,Adult,1,0,2,0,16.1,2.839,8.05,S,Mrs,0,Unknown
349,1,3,male,3.0,Child,1,1,3,0,15.9,2.827,5.3,S,Master,0,Unknown
350,0,3,male,42.0,Adult,0,0,1,1,8.6625,2.268,8.66,S,Mr,0,Unknown
351,0,3,male,23.0,Adult,0,0,1,1,9.225,2.325,9.22,S,Mr,0,Unknown
352,0,1,male,40.0,Adult,0,0,1,1,35.0,3.584,35.0,S,Mr,1,C
353,0,3,male,15.0,Teen,1,1,3,0,7.2292,2.108,2.41,C,Mr,0,Unknown
354,0,3,male,25.0,Adult,1,0,2,0,17.8,2.934,8.9,S,Mr,0,Unknown
355,0,3,male,25.0,Adult,0,0,1,1,7.225,2.107,7.22,C,Mr,0,Unknown
356,0,3,male,28.0,Adult,0,0,1,1,9.5,2.351,9.5,S,Mr,0,Unknown
357,1,1,female,22.0,Adult,0,1,2,0,55.0,4.025,27.5,S,Miss,1,E
358,0,2,female,38.0,Adult,0,0,1,1,13.0,2.639,13.0,S,Miss,0,Unknown
359,1,3,female,21.5,Adult,0,0,1,1,7.8792,2.184,7.88,Q,Miss,0,Unknown
360,1,3,female,21.5,Adult,0,0,1,1,7.8792,2.184,7.88,Q,Miss,0,Unknown
361,0,3,male,40.0,Adult,1,4,6,0,27.9,3.364,4.65,S,Mr,0,Unknown
362,0,2,male,29.0,Adult,1,0,2,0,27.7208,3.358,13.86,C,Mr,0,Unknown
363,0,3,female,45.0,Adult,0,1,2,0,14.4542,2.738,7.23,C,Mrs,0,Unknown
364,0,3,male,35.0,Adult,0,0,1,1,7.05,2.086,7.05,S,Mr,0,Unknown
365,0,3,male,25.0,Adult,1,0,2,0,15.5,2.803,7.75,Q,Mr,0,Unknown
366,0,3,male,30.0,Adult,0,0,1,1,7.25,2.11,7.25,S,Mr,0,Unknown
367,1,1,female,60.0,Adult,1,0,2,0,75.25,4.334,37.62,C,Mrs,1,D
368,1,3,female,21.5,Adult,0,0,1,1,7.2292,2.108,7.23,C,Mrs,0,Unknown
369,1,3,female,21.5,Adult,0,0,1,1,7.75,2.169,7.75,Q,Miss,0,Unknown
370,1,1,female,24.0,Adult,0,0,1,1,69.3,4.253,69.3,C,Mrs,1,B
371,1,1,male,25.0,Adult,1,0,2,0,55.4417,4.033,27.72,C,Mr,1,E
372,0,3,male,18.0,Teen,1,0,2,0,6.4958,2.014,3.25,S,Mr,0,Unknown
373,0,3,male,19.0,Adult,0,0,1,1,8.05,2.203,8.05,S,Mr,0,Unknown
374,0,1,male,22.0,Adult,0,0,1,1,135.6333,4.917,135.63,C,Mr,0,Unknown
375,0,3,female,3.0,Child,3,1,5,0,21.075,3.094,4.22,S,Miss,0,Unknown
376,1,1,female,35.0,Adult,1,0,2,0,82.1708,4.421,41.09,C,Mrs,0,Unknown
377,1,3,female,22.0,Adult,0,0,1,1,7.25,2.11,7.25,S,Miss,0,Unknown
378,0,1,male,27.0,Adult,0,2,3,0,211.5,5.359,70.5,C,Mr,1,C
379,0,3,male,20.0,Adult,0,0,1,1,4.0125,1.612,4.01,C,Mr,0,Unknown
380,0,3,male,19.0,Adult,0,0,1,1,7.775,2.172,7.78,S,Mr,0,Unknown
381,1,1,female,42.0,Adult,0,0,1,1,227.525,5.432,227.52,C,Miss,0,Unknown
382,1,3,female,1.0,Child,0,2,3,0,15.7417,2.818,5.25,C,Miss,0,Unknown
383,0,3,male,32.0,Adult,0,0,1,1,7.925,2.189,7.92,S,Mr,0,Unknown
384,1,1,female,35.0,Adult,1,0,2,0,52.0,3.97,26.0,S,Mrs,0,Unknown
385,0,3,male,25.0,Adult,0,0,1,1,7.8958,2.186,7.9,S,Mr,0,Unknown
386,0,2,male,18.0,Teen,0,0,1,1,73.5,4.311,73.5,S,Mr,0,Unknown
387,0,3,male,1.0,Child,5,2,8,0,46.9,3.869,5.86,S,Master,0,Unknown
388,1,2,female,36.0,Adult,0,0,1,1,13.0,2.639,13.0,S,Miss,0,Unknown
389,0,3,male,25.0,Adult,0,0,1,1,7.7292,2.167,7.73,Q,Mr,0,Unknown
390,1,2,female,17.0,Teen,0,0,1,1,12.0,2.565,12.0,C,Miss,0,Unknown
391,1,1,male,36.0,Adult,1,2,4,0,120.0,4.796,30.0,S,Mr,1,B
392,1,3,male,21.0,Adult,0,0,1,1,7.7958,2.174,7.8,S,Mr,0,Unknown
393,0,3,male,28.0,Adult,2,0,3,0,7.925,2.189,2.64,S,Mr,0,Unknown
394,1,1,female,23.0,Adult,1,0,2,0,113.275,4.739,56.64,C,Miss,1,D
395,1,3,female,24.0,Adult,0,2,3,0,16.7,2.874,5.57,S,Mrs,1,G
396,0,3,male,22.0,Adult,0,0,1,1,7.7958,2.174,7.8,S,Mr,0,Unknown
397,0,3,female,31.0,Adult,0,0,1,1,7.8542,2.181,7.85,S,Miss,0,Unknown
398,0,2,male,46.0,Adult,0,0,1,1,26.0,3.296,26.0,S,Mr,0,Unknown
399,0,2,male,23.0,Adult,0,0,1,1,10.5,2.442,10.5,S,Rare,0,Unknown
400,1,2,female,28.0,Adult,0,0,1,1,12.65,2.614,12.65,S,Mrs,0,Unknown
401,1,3,male,39.0,Adult,0,0,1,1,7.925,2.189,7.92,S,Mr,0,Unknown
402,0,3,male,26.0,Adult,0,0,1,1,8.05,2.203,8.05,S,Mr,0,Unknown
403,0,3,female,21.0,Adult,1,0,2,0,9.825,2.382,4.91,S,Miss,0,Unknown
404,0,3,male,28.0,Adult,1,0,2,0,15.85,2.824,7.92,S,Mr,0,Unknown
405,0,3,female,20.0,Adult,0,0,1,1,8.6625,2.268,8.66,S,Miss,0,Unknown
406,0,2,male,34.0,Adult,1,0,2,0,21.0,3.091,10.5,S,Mr,0,Unknown
407,0,3,male,51.0,Adult,0,0,1,1,7.75,2.169,7.75,S,Mr,0,Unknown
408,1,2,male,3.0,Child,1,1,3,0,18.75,2.983,6.25,S,Master,0,Unknown
409,0,3,male,21.0,Adult,0,0,1,1,7.775,2.172,7.78,S,Mr,0,Unknown
410,0,3,female,21.5,Adult,3,1,5,0,25.4667,3.276,5.09,S,Miss,0,Unknown
411,0,3,male,25.0,Adult,0,0,1,1,7.8958,2.186,7.9,S,Mr,0,Unknown
412,0,3,male,25.0,Adult,0,0,1,1,6.8583,2.062,6.86,Q,Mr,0,Unknown
413,1,1,female,33.0,Adult,1,0,2,0,90.0,4.511,45.0,Q,Miss,1,C
414,0,2,male,30.0,Adult,0,0,1,1,0.0,0.0,0.0,S,Mr,0,Unknown
415,1,3,male,44.0,Adult,0,0,1,1,7.925,2.189,7.92,S,Mr,0,Unknown
416,0,3,female,21.5,Adult,0,0,1,1,8.05,2.203,8.05,S,Mrs,0,Unknown
417,1,2,female,34.0,Adult,1,1,3,0,32.5,3.512,10.83,S,Mrs,0,Unknown
418,1,2,female,18.0,Teen,0,2,3,0,13.0,2.639,4.33,S,Miss,0,Unknown
419,0,2,male,30.0,Adult,0,0,1,1,13.0,2.639,13.0,S,Mr,0,Unknown
420,0,3,female,10.0,Child,0,2,3,0,24.15,3.225,8.05,S,Miss,0,Unknown
421,0,3,male,25.0,Adult,0,0,1,1,7.8958,2.186,7.9,C,Mr,0,Unknown
422,0,3,male,21.0,Adult,0,0,1,1,7.7333,2.167,7.73,Q,Mr,0,Unknown
423,0,3,male,29.0,Adult,0,0,1,1,7.875,2.183,7.88,S,Mr,0,Unknown
424,0,3,female,28.0,Adult,1,1,3,0,14.4,2.734,4.8,S,Mrs,0,Unknown
425,0,3,male,18.0,Teen,1,1,3,0,20.2125,3.055,6.74,S,Mr,0,Unknown
426,0,3,male,25.0,Adult,0,0,1,1,7.25,2.11,7.25,S,Mr,0,Unknown
427,1,2,female,28.0,Adult,1,0,2,0,26.0,3.296,13.0,S,Mrs,0,Unknown
428,1,2,female,19.0,Adult,0,0,1,1,26.0,3.296,26.0,S,Miss,0,Unknown
429,0,3,male,25.0,Adult,0,0,1,1,7.75,2.169,7.75,Q,Mr,0,Unknown
430,1,3,male,32.0,Adult,0,0,1,1,8.05,2.203,8.05,S,Mr,1,E
431,1,1,male,28.0,Adult,0,0,1,1,26.55,3.316,26.55,S,Mr,1,C
432,1,3,female,21.5,Adult,1,0,2,0,16.1,2.839,8.05,S,Mrs,0,Unknown
433,1,2,female,42.0,Adult,1,0,2,0,26.0,3.296,13.0,S,Mrs,0,Unknown
434,0,3,male,17.0,Teen,0,0,1,1,7.125,2.095,7.12,S,Mr,0,Unknown
435,0,1,male,50.0,Adult,1,0,2,0,55.9,4.041,27.95,S,Mr,1,E
436,1,1,female,14.0,Teen,1,2,4,0,120.0,4.796,30.0,S,Miss,1,B
437,0,3,female,21.0,Adult,2,2,5,0,34.375,3.566,6.88,S,Miss,0,Unknown
438,1,2,female,24.0,Adult,2,3,6,0,18.75,2.983,3.12,S,Mrs,0,Unknown
439,0,1,male,64.0,Senior,1,4,6,0,263.0,5.576,43.83,S,Mr,1,C
440,0,2,male,31.0,Adult,0,0,1,1,10.5,2.442,10.5,S,Mr,0,Unknown
441,1,2,female,45.0,Adult,1,1,3,0,26.25,3.305,8.75,S,Mrs,0,Unknown
442,0,3,male,20.0,Adult,0,0,1,1,9.5,2.351,9.5,S,Mr,0,Unknown
443,0,3,male,25.0,Adult,1,0,2,0,7.775,2.172,3.89,S,Mr,0,Unknown
444,1,2,female,28.0,Adult,0,0,1,1,13.0,2.639,13.0,S,Miss,0,Unknown
445,1,3,male,25.0,Adult,0,0,1,1,8.1125,2.21,8.11,S,Mr,0,Unknown
446,1,1,male,4.0,Child,0,2,3,0,81.8583,4.417,27.29,S,Master,1,A
447,1,2,female,13.0,Teen,0,1,2,0,19.5,3.02,9.75,S,Miss,0,Unknown
448,1,1,male,34.0,Adult,0,0,1,1,26.55,3.316,26.55,S,Mr,0,Unknown
449,1,3,female,5.0,Child,2,1,4,0,19.2583,3.009,4.81,C,Miss,0,Unknown
450,1,1,male,52.0,Adult,0,0,1,1,30.5,3.45,30.5,S,Rare,1,C
451,0,2,male,36.0,Adult,1,2,4,0,27.75,3.359,6.94,S,Mr,0,Unknown
452,0,3,male,25.0,Adult,1,0,2,0,19.9667,3.043,9.98,S,Mr,0,Unknown
453,0,1,male,30.0,Adult,0,0,1,1,27.75,3.359,27.75,C,Mr,1,C
454,1,1,male,49.0,Adult,1,0,2,0,89.1042,4.501,44.55,C,Mr,1,C
455,0,3,male,25.0,Adult,0,0,1,1,8.05,2.203,8.05,S,Mr,0,Unknown
456,1,3,male,29.0,Adult,0,0,1,1,7.8958,2.186,7.9,C,Mr,0,Unknown
457,0,1,male,65.0,Senior,0,0,1,1,26.55,3.316,26.55,S,Mr,1,E
458,1,1,female,35.0,Adult,1,0,2,0,51.8625,3.968,25.93,S,Mrs,1,D
459,1,2,female,50.0,Adult,0,0,1,1,10.5,2.442,10.5,S,Miss,0,Unknown
460,0,3,male,25.0,Adult,0,0,1,1,7.75,2.169,7.75,Q,Mr,0,Unknown
461,1,1,male,48.0,Adult,0,0,1,1,26.55,3.316,26.55,S,Mr,1,E
462,0,3,male,34.0,Adult,0,0,1,1,8.05,2.203,8.05,S,Mr,0,Unknown
463,0,1,male,47.0,Adult,0,0,1,1,38.5,3.676,38.5,S,Mr,1,E
464,0,2,male,48.0,Adult,0,0,1,1,13.0,2.639,13.0,S,Mr,0,Unknown
465,0,3,male,25.0,Adult,0,0,1,1,8.05,2.203,8.05,S,Mr,0,Unknown
466,0,3,male,38.0,Adult,0,0,1,1,7.05,2.086,7.05,S,Mr,0,Unknown
467,0,2,male,30.0,Adult,0,0,1,1,0.0,0.0,0.0,S,Mr,0,Unknown
468,0,1,male,56.0,Adult,0,0,1,1,26.55,3.316,26.55,S,Mr,0,Unknown
469,0,3,male,25.0,Adult,0,0,1,1,7.725,2.166,7.72,Q,Mr,0,Unknown
470,1,3,female,0.8,Child,2,1,4,0,19.2583,3.009,4.81,C,Miss,0,Unknown
471,0,3,male,25.0,Adult,0,0,1,1,7.25,2.11,7.25,S,Mr,0,Unknown
472,0,3,male,38.0,Adult,0,0,1,1,8.6625,2.268,8.66,S,Mr,0,Unknown
473,1,2,female,33.0,Adult,1,2,4,0,27.75,3.359,6.94,S,Mrs,0,Unknown
474,1,2,female,23.0,Adult,0,0,1,1,13.7917,2.694,13.79,C,Mrs,1,D
475,0,3,female,22.0,Adult,0,0,1,1,9.8375,2.383,9.84,S,Miss,0,Unknown
476,0,1,male,40.0,Adult,0,0,1,1,52.0,3.97,52.0,S,Mr,1,A
477,0,2,male,34.0,Adult,1,0,2,0,21.0,3.091,10.5,S,Mr,0,Unknown
478,0,3,male,29.0,Adult,1,0,2,0,7.0458,2.085,3.52,S,Mr,0,Unknown
479,0,3,male,22.0,Adult,0,0,1,1,7.5208,2.143,7.52,S,Mr,0,Unknown
480,1,3,female,2.0,Child,0,1,2,0,12.2875,2.587,6.14,S,Miss,0,Unknown
481,0,3,male,9.0,Child,5,2,8,0,46.9,3.869,5.86,S,Master,0,Unknown
482,0,2,male,30.0,Adult,0,0,1,1,0.0,0.0,0.0,S,Mr,0,Unknown
483,0,3,male,50.0,Adult,0,0,1,1,8.05,2.203,8.05,S,Mr,0,Unknown
484,1,3,female,63.0,Senior,0,0,1,1,9.5875,2.36,9.59,S,Mrs,0,Unknown
485,1,1,male,25.0,Adult,1,0,2,0,91.0792,4.523,45.54,C,Mr,1,B
486,0,3,female,21.5,Adult,3,1,5,0,25.4667,3.276,5.09,S,Miss,0,Unknown
487,1,1,female,35.0,Adult,1,0,2,0,90.0,4.511,45.0,S,Mrs,1,C
488,0,1,male,58.0,Adult,0,0,1,1,29.7,3.424,29.7,C,Mr,1,B
489,0,3,male,30.0,Adult,0,0,1,1,8.05,2.203,8.05,S,Mr,0,Unknown
490,1,3,male,9.0,Child,1,1,3,0,15.9,2.827,5.3,S,Master,0,Unknown
491,0,3,male,25.0,Adult,1,0,2,0,19.9667,3.043,9.98,S,Mr,0,Unknown
492,0,3,male,21.0,Adult,0,0,1,1,7.25,2.11,7.25,S,Mr,0,Unknown
493,0,1,male,55.0,Adult,0,0,1,1,30.5,3.45,30.5,S,Mr,1,C
494,0,1,male,71.0,Senior,0,0,1,1,49.5042,3.922,49.5,C,Mr,0,Unknown
495,0,3,male,21.0,Adult,0,0,1,1,8.05,2.203,8.05,S,Mr,0,Unknown
496,0,3,male,25.0,Adult,0,0,1,1,14.4583,2.738,14.46,C,Mr,0,Unknown
497,1,1,female,54.0,Adult,1,0,2,0,78.2667,4.373,39.13,C,Miss,1,D
498,0,3,male,25.0,Adult,0,0,1,1,15.1,2.779,15.1,S,Mr,0,Unknown
499,0,1,female,25.0,Adult,1,2,4,0,151.55,5.027,37.89,S,Mrs,1,C
500,0,3,male,24.0,Adult,0,0,1,1,7.7958,2.174,7.8,S,Mr,0,Unknown
501,0,3,male,17.0,Teen,0,0,1,1,8.6625,2.268,8.66,S,Mr,0,Unknown
502,0,3,female,21.0,Adult,0,0,1,1,7.75,2.169,7.75,Q,Miss,0,Unknown
503,0,3,female,21.5,Adult,0,0,1,1,7.6292,2.155,7.63,Q,Miss,0,Unknown
504,0,3,female,37.0,Adult,0,0,1,1,9.5875,2.36,9.59,S,Miss,0,Unknown
505,1,1,female,16.0,Teen,0,0,1,1,86.5,4.472,86.5,S,Miss,1,B
506,0,1,male,18.0,Teen,1,0,2,0,108.9,4.7,54.45,C,Mr,1,C
507,1,2,female,33.0,Adult,0,2,3,0,26.0,3.296,8.67,S,Mrs,0,Unknown
508,1,1,male,40.0,Adult,0,0,1,1,26.55,3.316,26.55,S,Mr,0,Unknown
509,0,3,male,28.0,Adult,0,0,1,1,22.525,3.158,22.52,S,Mr,0,Unknown
510,1,3,male,26.0,Adult,0,0,1,1,56.4958,4.052,56.5,S,Mr,0,Unknown
511,1,3,male,29.0,Adult,0,0,1,1,7.75,2.169,7.75,Q,Mr,0,Unknown
512,0,3,male,25.0,Adult,0,0,1,1,8.05,2.203,8.05,S,Mr,0,Unknown
513,1,1,male,36.0,Adult,0,0,1,1,26.2875,3.306,26.29,S,Mr,1,E
514,1,1,female,54.0,Adult,1,0,2,0,59.4,4.101,29.7,C,Mrs,0,Unknown
515,0,3,male,24.0,Adult,0,0,1,1,7.4958,2.14,7.5,S,Mr,0,Unknown
516,0,1,male,47.0,Adult,0,0,1,1,34.0208,3.556,34.02,S,Mr,1,D
517,1,2,female,34.0,Adult,0,0,1,1,10.5,2.442,10.5,S,Mrs,1,F
518,0,3,male,25.0,Adult,0,0,1,1,24.15,3.225,24.15,Q,Mr,0,Unknown
519,1,2,female,36.0,Adult,1,0,2,0,26.0,3.296,13.0,S,Mrs,0,Unknown
520,0,3,male,32.0,Adult,0,0,1,1,7.8958,2.186,7.9,S,Mr,0,Unknown
521,1,1,female,30.0,Adult,0,0,1,1,93.5,4.549,93.5,S,Miss,1,B
522,0,3,male,22.0,Adult,0,0,1,1,7.8958,2.186,7.9,S,Mr,0,Unknown
523,0,3,male,25.0,Adult,0,0,1,1,7.225,2.107,7.22,C,Mr,0,Unknown
524,1,1,female,44.0,Adult,0,1,2,0,57.9792,4.077,28.99,C,Mrs,1,B
525,0,3,male,25.0,Adult,0,0,1,1,7.2292,2.108,7.23,C,Mr,0,Unknown
526,0,3,male,40.5,Adult,0,0,1,1,7.75,2.169,7.75,Q,Mr,0,Unknown
527,1,2,female,50.0,Adult,0,0,1,1,10.5,2.442,10.5,S,Miss,0,Unknown
528,0,1,male,40.0,Adult,0,0,1,1,221.7792,5.406,221.78,S,Mr,1,C
529,0,3,male,39.0,Adult,0,0,1,1,7.925,2.189,7.92,S,Mr,0,Unknown
530,0,2,male,23.0,Adult,2,1,4,0,11.5,2.526,2.88,S,Mr,0,Unknown
531,1,2,female,2.0,Child,1,1,3,0,26.0,3.296,8.67,S,Miss,0,Unknown
532,0,3,male,25.0,Adult,0,0,1,1,7.2292,2.108,7.23,C,Mr,0,Unknown
533,0,3,male,17.0,Teen,1,1,3,0,7.2292,2.108,2.41,C,Mr,0,Unknown
534,1,3,female,21.5,Adult,0,2,3,0,22.3583,3.151,7.45,C,Mrs,0,Unknown
535,0,3,female,30.0,Adult,0,0,1,1,8.6625,2.268,8.66,S,Miss,0,Unknown
536,1,2,female,7.0,Child,0,2,3,0,26.25,3.305,8.75,S,Miss,0,Unknown
537,0,1,male,45.0,Adult,0,0,1,1,26.55,3.316,26.55,S,Rare,1,B
538,1,1,female,30.0,Adult,0,0,1,1,106.425,4.677,106.42,C,Miss,0,Unknown
539,0,3,male,25.0,Adult,0,0,1,1,14.5,2.741,14.5,S,Mr,0,Unknown
540,1,1,female,22.0,Adult,0,2,3,0,49.5,3.922,16.5,C,Miss,1,B
541,1,1,female,36.0,Adult,0,2,3,0,71.0,4.277,23.67,S,Miss,1,B
542,0,3,female,9.0,Child,4,2,7,0,31.275,3.474,4.47,S,Miss,0,Unknown
543,0,3,female,11.0,Child,4,2,7,0,31.275,3.474,4.47,S,Miss,0,Unknown
544,1,2,male,32.0,Adult,1,0,2,0,26.0,3.296,13.0,S,Mr,0,Unknown
545,0,1,male,50.0,Adult,1,0,2,0,106.425,4.677,53.21,C,Mr,1,C
546,0,1,male,64.0,Senior,0,0,1,1,26.0,3.296,26.0,S,Mr,0,Unknown
547,1,2,female,19.0,Adult,1,0,2,0,26.0,3.296,13.0,S,Mrs,0,Unknown
548,1,2,male,30.0,Adult,0,0,1,1,13.8625,2.699,13.86,C,Mr,0,Unknown
549,0,3,male,33.0,Adult,1,1,3,0,20.525,3.069,6.84,S,Mr,0,Unknown
550,1,2,male,8.0,Child,1,1,3,0,36.75,3.631,12.25,S,Master,0,Unknown
551,1,1,male,17.0,Teen,0,2,3,0,110.8833,4.717,36.96,C,Mr,1,C
552,0,2,male,27.0,Adult,0,0,1,1,26.0,3.296,26.0,S,Mr,0,Unknown
553,0,3,male,25.0,Adult,0,0,1,1,7.8292,2.178,7.83,Q,Mr,0,Unknown
554,1,3,male,22.0,Adult,0,0,1,1,7.225,2.107,7.22,C,Mr,0,Unknown
555,1,3,female,22.0,Adult,0,0,1,1,7.775,2.172,7.78,S,Miss,0,Unknown
556,0,1,male,62.0,Senior,0,0,1,1,26.55,3.316,26.55,S,Mr,0,Unknown
557,1,1,female,48.0,Adult,1,0,2,0,39.6,3.704,19.8,C,Rare,1,A
558,0,1,male,40.0,Adult,0,0,1,1,227.525,5.432,227.52,C,Mr,0,Unknown
559,1,1,female,39.0,Adult,1,1,3,0,79.65,4.39,26.55,S,Mrs,1,E
560,1,3,female,36.0,Adult,1,0,2,0,17.4,2.912,8.7,S,Mrs,0,Unknown
561,0,3,male,25.0,Adult,0,0,1,1,7.75,2.169,7.75,Q,Mr,0,Unknown
562,0,3,male,40.0,Adult,0,0,1,1,7.8958,2.186,7.9,S,Mr,0,Unknown
563,0,2,male,28.0,Adult,0,0,1,1,13.5,2.674,13.5,S,Mr,0,Unknown
564,0,3,male,25.0,Adult,0,0,1,1,8.05,2.203,8.05,S,Mr,0,Unknown
565,0,3,female,21.5,Adult,0,0,1,1,8.05,2.203,8.05,S,Miss,0,Unknown
566,0,3,male,24.0,Adult,2,0,3,0,24.15,3.225,8.05,S,Mr,0,Unknown
567,0,3,male,19.0,Adult,0,0,1,1,7.8958,2.186,7.9,S,Mr,0,Unknown
568,0,3,female,29.0,Adult,0,4,5,0,21.075,3.094,4.22,S,Mrs,0,Unknown
569,0,3,male,25.0,Adult,0,0,1,1,7.2292,2.108,7.23,C,Mr,0,Unknown
570,1,3,male,32.0,Adult,0,0,1,1,7.8542,2.181,7.85,S,Mr,0,Unknown
571,1,2,male,62.0,Senior,0,0,1,1,10.5,2.442,10.5,S,Mr,0,Unknown
572,1,1,female,53.0,Adult,2,0,3,0,51.4792,3.96,17.16,S,Mrs,1,C
573,1,1,male,36.0,Adult,0,0,1,1,26.3875,3.31,26.39,S,Mr,1,E
574,1,3,female,21.5,Adult,0,0,1,1,7.75,2.169,7.75,Q,Miss,0,Unknown
575,0,3,male,16.0,Teen,0,0,1,1,8.05,2.203,8.05,S,Mr,0,Unknown
576,0,3,male,19.0,Adult,0,0,1,1,14.5,2.741,14.5,S,Mr,0,Unknown
577,1,2,female,34.0,Adult,0,0,1,1,13.0,2.639,13.0,S,Miss,0,Unknown
578,1,1,female,39.0,Adult,1,0,2,0,55.9,4.041,27.95,S,Mrs,1,E
579,0,3,female,21.5,Adult,1,0,2,0,14.4583,2.738,7.23,C,Mrs,0,Unknown
580,1,3,male,32.0,Adult,0,0,1,1,7.925,2.189,7.92,S,Mr,0,Unknown
581,1,2,female,25.0,Adult,1,1,3,0,30.0,3.434,10.0,S,Miss,0,Unknown
582,1,1,female,39.0,Adult,1,1,3,0,110.8833,4.717,36.96,C,Mrs,1,C
583,0,2,male,54.0,Adult,0,0,1,1,26.0,3.296,26.0,S,Mr,0,Unknown
584,0,1,male,36.0,Adult,0,0,1,1,40.125,3.717,40.12,C,Mr,1,A
585,0,3,male,25.0,Adult,0,0,1,1,8.7125,2.273,8.71,C,Mr,0,Unknown
586,1,1,female,18.0,Teen,0,2,3,0,79.65,4.39,26.55,S,Miss,1,E
587,0,2,male,47.0,Adult,0,0,1,1,15.0,2.773,15.0,S,Mr,0,Unknown
588,1,1,male,60.0,Adult,1,1,3,0,79.2,4.385,26.4,C,Mr,1,B
589,0,3,male,22.0,Adult,0,0,1,1,8.05,2.203,8.05,S,Mr,0,Unknown
590,0,3,male,25.0,Adult,0,0,1,1,8.05,2.203,8.05,S,Mr,0,Unknown
591,0,3,male,35.0,Adult,0,0,1,1,7.125,2.095,7.12,S,Mr,0,Unknown
592,1,1,female,52.0,Adult,1,0,2,0,78.2667,4.373,39.13,C,Mrs,1,D
593,0,3,male,47.0,Adult,0,0,1,1,7.25,2.11,7.25,S,Mr,0,Unknown
594,0,3,female,21.5,Adult,0,2,3,0,7.75,2.169,2.58,Q,Miss,0,Unknown
595,0,2,male,37.0,Adult,1,0,2,0,26.0,3.296,13.0,S,Mr,0,Unknown
596,0,3,male,36.0,Adult,1,1,3,0,24.15,3.225,8.05,S,Mr,0,Unknown
597,1,2,female,28.0,Adult,0,0,1,1,33.0,3.526,33.0,S,Miss,0,Unknown
598,0,3,male,49.0,Adult,0,0,1,1,0.0,0.0,0.0,S,Mr,0,Unknown
599,0,3,male,25.0,Adult,0,0,1,1,7.225,2.107,7.22,C,Mr,0,Unknown
600,1,1,male,49.0,Adult,1,0,2,0,56.9292,4.059,28.46,C,Rare,1,A
601,1,2,female,24.0,Adult,2,1,4,0,27.0,3.332,6.75,S,Mrs,0,Unknown
602,0,3,male,25.0,Adult,0,0,1,1,7.8958,2.186,7.9,S,Mr,0,Unknown
603,0,1,male,40.0,Adult,0,0,1,1,42.4,3.77,42.4,S,Mr,0,Unknown
604,0,3,male,44.0,Adult,0,0,1,1,8.05,2.203,8.05,S,Mr,0,Unknown
605,1,1,male,35.0,Adult,0,0,1,1,26.55,3.316,26.55,C,Mr,0,Unknown
606,0,3,male,36.0,Adult,1,0,2,0,15.55,2.806,7.78,S,Mr,0,Unknown
607,0,3,male,30.0,Adult,0,0,1,1,7.8958,2.186,7.9,S,Mr,0,Unknown
608,1,1,male,27.0,Adult,0,0,1,1,30.5,3.45,30.5,S,Mr,0,Unknown
609,1,2,female,22.0,Adult,1,2,4,0,41.5792,3.751,10.39,C,Mrs,0,Unknown
610,1,1,female,40.0,Adult,0,0,1,1,153.4625,5.04,153.46,S,Miss,1,C
611,0,3,female,39.0,Adult,1,5,7,0,31.275,3.474,4.47,S,Mrs,0,Unknown
612,0,3,male,25.0,Adult,0,0,1,1,7.05,2.086,7.05,S,Mr,0,Unknown
613,1,3,female,21.5,Adult,1,0,2,0,15.5,2.803,7.75,Q,Miss,0,Unknown
614,0,3,male,25.0,Adult,0,0,1,1,7.75,2.169,7.75,Q,Mr,0,Unknown
615,0,3,male,35.0,Adult,0,0,1,1,8.05,2.203,8.05,S,Mr,0,Unknown
616,1,2,female,24.0,Adult,1,2,4,0,65.0,4.19,16.25,S,Miss,0,Unknown
617,0,3,male,34.0,Adult,1,1,3,0,14.4,2.734,4.8,S,Mr,0,Unknown
618,0,3,female,26.0,Adult,1,0,2,0,16.1,2.839,8.05,S,Mrs,0,Unknown
619,1,2,female,4.0,Child,2,1,4,0,39.0,3.689,9.75,S,Miss,1,F
620,0,2,male,26.0,Adult,0,0,1,1,10.5,2.442,10.5,S,Mr,0,Unknown
621,0,3,male,27.0,Adult,1,0,2,0,14.4542,2.738,7.23,C,Mr,0,Unknown
622,1,1,male,42.0,Adult,1,0,2,0,52.5542,3.981,26.28,S,Mr,1,D
623,1,3,male,20.0,Adult,1,1,3,0,15.7417,2.818,5.25,C,Mr,0,Unknown
624,0,3,male,21.0,Adult,0,0,1,1,7.8542,2.181,7.85,S,Mr,0,Unknown
625,0,3,male,21.0,Adult,0,0,1,1,16.1,2.839,16.1,S,Mr,0,Unknown
626,0,1,male,61.0,Senior,0,0,1,1,32.3208,3.506,32.32,S,Mr,1,D
627,0,2,male,57.0,Adult,0,0,1,1,12.35,2.592,12.35,Q,Rare,0,Unknown
628,1,1,female,21.0,Adult,0,0,1,1,77.9583,4.369,77.96,S,Miss,1,D
629,0,3,male,26.0,Adult,0,0,1,1,7.8958,2.186,7.9,S,Mr,0,Unknown
630,0,3,male,25.0,Adult,0,0,1,1,7.7333,2.167,7.73,Q,Mr,0,Unknown
631,1,1,male,80.0,Senior,0,0,1,1,30.0,3.434,30.0,S,Mr,1,A
632,0,3,male,51.0,Adult,0,0,1,1,7.0542,2.086,7.05,S,Mr,0,Unknown
633,1,1,male,32.0,Adult,0,0,1,1,30.5,3.45,30.5,C,Rare,1,B
634,0,1,male,40.0,Adult,0,0,1,1,0.0,0.0,0.0,S,Mr,0,Unknown
635,0,3,female,9.0,Child,3,2,6,0,27.9,3.364,4.65,S,Miss,0,Unknown
636,1,2,female,28.0,Adult,0,0,1,1,13.0,2.639,13.0,S,Miss,0,Unknown
637,0,3,male,32.0,Adult,0,0,1,1,7.925,2.189,7.92,S,Mr,0,Unknown
638,0,2,male,31.0,Adult,1,1,3,0,26.25,3.305,8.75,S,Mr,0,Unknown
639,0,3,female,41.0,Adult,0,5,6,0,39.6875,3.706,6.61,S,Mrs,0,Unknown
640,0,3,male,25.0,Adult,1,0,2,0,16.1,2.839,8.05,S,Mr,0,Unknown
641,0,3,male,20.0,Adult,0,0,1,1,7.8542,2.181,7.85,S,Mr,0,Unknown
642,1,1,female,24.0,Adult,0,0,1,1,69.3,4.253,69.3,C,Miss,1,B
643,0,3,female,2.0,Child,3,2,6,0,27.9,3.364,4.65,S,Miss,0,Unknown
644,1,3,male,25.0,Adult,0,0,1,1,56.4958,4.052,56.5,S,Mr,0,Unknown
645,1,3,female,0.8,Child,2,1,4,0,19.2583,3.009,4.81,C,Miss,0,Unknown
646,1,1,male,48.0,Adult,1,0,2,0,76.7292,4.353,38.36,C,Mr,1,D
647,0,3,male,19.0,Adult,0,0,1,1,7.8958,2.186,7.9,S,Mr,0,Unknown
648,1,1,male,56.0,Adult,0,0,1,1,35.5,3.597,35.5,C,Rare,1,A
649,0,3,male,25.0,Adult,0,0,1,1,7.55,2.146,7.55,S,Mr,0,Unknown
650,1,3,female,23.0,Adult,0,0,1,1,7.55,2.146,7.55,S,Miss,0,Unknown
651,0,3,male,25.0,Adult,0,0,1,1,7.8958,2.186,7.9,S,Mr,0,Unknown
652,1,2,female,18.0,Teen,0,1,2,0,23.0,3.178,11.5,S,Miss,0,Unknown
653,0,3,male,21.0,Adult,0,0,1,1,8.4333,2.244,8.43,S,Mr,0,Unknown
654,1,3,female,21.5,Adult,0,0,1,1,7.8292,2.178,7.83,Q,Miss,0,Unknown
655,0,3,female,18.0,Teen,0,0,1,1,6.75,2.048,6.75,Q,Miss,0,Unknown
656,0,2,male,24.0,Adult,2,0,3,0,73.5,4.311,24.5,S,Mr,0,Unknown
657,0,3,male,25.0,Adult,0,0,1,1,7.8958,2.186,7.9,S,Mr,0,Unknown
658,0,3,female,32.0,Adult,1,1,3,0,15.5,2.803,5.17,Q,Mrs,0,Unknown
659,0,2,male,23.0,Adult,0,0,1,1,13.0,2.639,13.0,S,Mr,0,Unknown
660,0,1,male,58.0,Adult,0,2,3,0,113.275,4.739,37.76,C,Mr,1,D
661,1,1,male,50.0,Adult,2,0,3,0,133.65,4.903,44.55,S,Rare,0,Unknown
662,0,3,male,40.0,Adult,0,0,1,1,7.225,2.107,7.22,C,Mr,0,Unknown
663,0,1,male,47.0,Adult,0,0,1,1,25.5875,3.28,25.59,S,Mr,1,E
664,0,3,male,36.0,Adult,0,0,1,1,7.4958,2.14,7.5,S,Mr,0,Unknown
665,1,3,male,20.0,Adult,1,0,2,0,7.925,2.189,3.96,S,Mr,0,Unknown
666,0,2,male,32.0,Adult,2,0,3,0,73.5,4.311,24.5,S,Mr,0,Unknown
667,0,2,male,25.0,Adult,0,0,1,1,13.0,2.639,13.0,S,Mr,0,Unknown
668,0,3,male,25.0,Adult,0,0,1,1,7.775,2.172,7.78,S,Mr,0,Unknown
669,0,3,male,43.0,Adult,0,0,1,1,8.05,2.203,8.05,S,Mr,0,Unknown
670,1,1,female,35.0,Adult,1,0,2,0,52.0,3.97,26.0,S,Mrs,1,C
671,1,2,female,40.0,Adult,1,1,3,0,39.0,3.689,13.0,S,Mrs,0,Unknown
672,0,1,male,31.0,Adult,1,0,2,0,52.0,3.97,26.0,S,Mr,1,B
673,0,2,male,70.0,Senior,0,0,1,1,10.5,2.442,10.5,S,Mr,0,Unknown
674,1,2,male,31.0,Adult,0,0,1,1,13.0,2.639,13.0,S,Mr,0,Unknown
675,0,2,male,30.0,Adult,0,0,1,1,0.0,0.0,0.0,S,Mr,0,Unknown
676,0,3,male,18.0,Teen,0,0,1,1,7.775,2.172,7.78,S,Mr,0,Unknown
677,0,3,male,24.5,Adult,0,0,1,1,8.05,2.203,8.05,S,Mr,0,Unknown
678,1,3,female,18.0,Teen,0,0,1,1,9.8417,2.383,9.84,S,Miss,0,Unknown
679,0,3,female,43.0,Adult,1,6,8,0,46.9,3.869,5.86,S,Mrs,0,Unknown
680,1,1,male,36.0,Adult,0,1,2,0,512.3292,6.241,256.16,C,Mr,1,B
681,0,3,female,21.5,Adult,0,0,1,1,8.1375,2.212,8.14,Q,Miss,0,Unknown
682,1,1,male,27.0,Adult,0,0,1,1,76.7292,4.353,76.73,C,Mr,1,D
683,0,3,male,20.0,Adult,0,0,1,1,9.225,2.325,9.22,S,Mr,0,Unknown
684,0,3,male,14.0,Teen,5,2,8,0,46.9,3.869,5.86,S,Mr,0,Unknown
685,0,2,male,60.0,Adult,1,1,3,0,39.0,3.689,13.0,S,Mr,0,Unknown
686,0,2,male,25.0,Adult,1,2,4,0,41.5792,3.751,10.39,C,Mr,0,Unknown
687,0,3,male,14.0,Teen,4,1,6,0,39.6875,3.706,6.61,S,Mr,0,Unknown
688,0,3,male,19.0,Adult,0,0,1,1,10.1708,2.413,10.17,S,Mr,0,Unknown
689,0,3,male,18.0,Teen,0,0,1,1,7.7958,2.174,7.8,S,Mr,0,Unknown
690,1,1,female,15.0,Teen,0,1,2,0,211.3375,5.358,105.67,S,Miss,1,B
691,1,1,male,31.0,Adult,1,0,2,0,57.0,4.06,28.5,S,Mr,1,B
692,1,3,female,4.0,Child,0,1,2,0,13.4167,2.668,6.71,C,Miss,0,Unknown
693,1,3,male,25.0,Adult,0,0,1,1,56.4958,4.052,56.5,S,Mr,0,Unknown
694,0,3,male,25.0,Adult,0,0,1,1,7.225,2.107,7.22,C,Mr,0,Unknown
695,0,1,male,60.0,Adult,0,0,1,1,26.55,3.316,26.55,S,Rare,0,Unknown
696,0,2,male,52.0,Adult,0,0,1,1,13.5,2.674,13.5,S,Mr,0,Unknown
697,0,3,male,44.0,Adult,0,0,1,1,8.05,2.203,8.05,S,Mr,0,Unknown
698,1,3,female,21.5,Adult,0,0,1,1,7.7333,2.167,7.73,Q,Miss,0,Unknown
699,0,1,male,49.0,Adult,1,1,3,0,110.8833,4.717,36.96,C,Mr,1,C
700,0,3,male,42.0,Adult,0,0,1,1,7.65,2.158,7.65,S,Mr,1,F
701,1,1,female,18.0,Teen,1,0,2,0,227.525,5.432,113.76,C,Mrs,1,C
702,1,1,male,35.0,Adult,0,0,1,1,26.2875,3.306,26.29,S,Mr,1,E
703,0,3,female,18.0,Teen,0,1,2,0,14.4542,2.738,7.23,C,Miss,0,Unknown
704,0,3,male,25.0,Adult,0,0,1,1,7.7417,2.168,7.74,Q,Mr,0,Unknown
705,0,3,male,26.0,Adult,1,0,2,0,7.8542,2.181,3.93,S,Mr,0,Unknown
706,0,2,male,39.0,Adult,0,0,1,1,26.0,3.296,26.0,S,Mr,0,Unknown
707,1,2,female,45.0,Adult,0,0,1,1,13.5,2.674,13.5,S,Mrs,0,Unknown
708,1,1,male,42.0,Adult,0,0,1,1,26.2875,3.306,26.29,S,Mr,1,E
709,1,1,female,22.0,Adult,0,0,1,1,151.55,5.027,151.55,S,Miss,0,Unknown
710,1,3,male,25.0,Adult,1,1,3,0,15.2458,2.788,5.08,C,Master,0,Unknown
711,1,1,female,24.0,Adult,0,0,1,1,49.5042,3.922,49.5,C,Miss,1,C
712,0,1,male,40.0,Adult,0,0,1,1,26.55,3.316,26.55,S,Mr,1,C
713,1,1,male,48.0,Adult,1,0,2,0,52.0,3.97,26.0,S,Mr,1,C
714,0,3,male,29.0,Adult,0,0,1,1,9.4833,2.35,9.48,S,Mr,0,Unknown
715,0,2,male,52.0,Adult,0,0,1,1,13.0,2.639,13.0,S,Mr,0,Unknown
716,0,3,male,19.0,Adult,0,0,1,1,7.65,2.158,7.65,S,Mr,1,F
717,1,1,female,38.0,Adult,0,0,1,1,227.525,5.432,227.52,C,Miss,1,C
718,1,2,female,27.0,Adult,0,0,1,1,10.5,2.442,10.5,S,Miss,1,E
719,0,3,male,25.0,Adult,0,0,1,1,15.5,2.803,15.5,Q,Mr,0,Unknown
720,0,3,male,33.0,Adult,0,0,1,1,7.775,2.172,7.78,S,Mr,0,Unknown
721,1,2,female,6.0,Child,0,1,2,0,33.0,3.526,16.5,S,Miss,0,Unknown
722,0,3,male,17.0,Teen,1,0,2,0,7.0542,2.086,3.53,S,Mr,0,Unknown
723,0,2,male,34.0,Adult,0,0,1,1,13.0,2.639,13.0,S,Mr,0,Unknown
724,0,2,male,50.0,Adult,0,0,1,1,13.0,2.639,13.0,S,Mr,0,Unknown
725,1,1,male,27.0,Adult,1,0,2,0,53.1,3.991,26.55,S,Mr,1,E
726,0,3,male,20.0,Adult,0,0,1,1,8.6625,2.268,8.66,S,Mr,0,Unknown
727,1,2,female,30.0,Adult,3,0,4,0,21.0,3.091,5.25,S,Mrs,0,Unknown
728,1,3,female,21.5,Adult,0,0,1,1,7.7375,2.168,7.74,Q,Miss,0,Unknown
729,0,2,male,25.0,Adult,1,0,2,0,26.0,3.296,13.0,S,Mr,0,Unknown
730,0,3,female,25.0,Adult,1,0,2,0,7.925,2.189,3.96,S,Miss,0,Unknown
731,1,1,female,29.0,Adult,0,0,1,1,211.3375,5.358,211.34,S,Miss,1,B
732,0,3,male,11.0,Child,0,0,1,1,18.7875,2.985,18.79,C,Mr,0,Unknown
733,0,2,male,30.0,Adult,0,0,1,1,0.0,0.0,0.0,S,Mr,0,Unknown
734,0,2,male,23.0,Adult,0,0,1,1,13.0,2.639,13.0,S,Mr,0,Unknown
735,0,2,male,23.0,Adult,0,0,1,1,13.0,2.639,13.0,S,Mr,0,Unknown
736,0,3,male,28.5,Adult,0,0,1,1,16.1,2.839,16.1,S,Mr,0,Unknown
737,0,3,female,48.0,Adult,1,3,5,0,34.375,3.566,6.88,S,Mrs,0,Unknown
738,1,1,male,35.0,Adult,0,0,1,1,512.3292,6.241,512.33,C,Mr,1,B
739,0,3,male,25.0,Adult,0,0,1,1,7.8958,2.186,7.9,S,Mr,0,Unknown
740,0,3,male,25.0,Adult,0,0,1,1,7.8958,2.186,7.9,S,Mr,0,Unknown
741,1,1,male,40.0,Adult,0,0,1,1,30.0,3.434,30.0,S,Mr,1,D
742,0,1,male,36.0,Adult,1,0,2,0,78.85,4.38,39.42,S,Mr,1,C
743,1,1,female,21.0,Adult,2,2,5,0,262.375,5.574,52.48,C,Miss,1,B
744,0,3,male,24.0,Adult,1,0,2,0,16.1,2.839,8.05,S,Mr,0,Unknown
745,1,3,male,31.0,Adult,0,0,1,1,7.925,2.189,7.92,S,Mr,0,Unknown
746,0,1,male,70.0,Senior,1,1,3,0,71.0,4.277,23.67,S,Rare,1,B
747,0,3,male,16.0,Teen,1,1,3,0,20.25,3.056,6.75,S,Mr,0,Unknown
748,1,2,female,30.0,Adult,0,0,1,1,13.0,2.639,13.0,S,Miss,0,Unknown
749,0,1,male,19.0,Adult,1,0,2,0,53.1,3.991,26.55,S,Mr,1,D
750,0,3,male,31.0,Adult,0,0,1,1,7.75,2.169,7.75,Q,Mr,0,Unknown
751,1,2,female,4.0,Child,1,1,3,0,23.0,3.178,7.67,S,Miss,0,Unknown
752,1,3,male,6.0,Child,0,1,2,0,12.475,2.601,6.24,S,Master,1,E
753,0,3,male,33.0,Adult,0,0,1,1,9.5,2.351,9.5,S,Mr,0,Unknown
754,0,3,male,23.0,Adult,0,0,1,1,7.8958,2.186,7.9,S,Mr,0,Unknown
755,1,2,female,48.0,Adult,1,2,4,0,65.0,4.19,16.25,S,Mrs,0,Unknown
756,1,2,male,0.7,Child,1,1,3,0,14.5,2.741,4.83,S,Master,0,Unknown
757,0,3,male,28.0,Adult,0,0,1,1,7.7958,2.174,7.8,S,Mr,0,Unknown
758,0,2,male,18.0,Teen,0,0,1,1,11.5,2.526,11.5,S,Mr,0,Unknown
759,0,3,male,34.0,Adult,0,0,1,1,8.05,2.203,8.05,S,Mr,0,Unknown
760,1,1,female,33.0,Adult,0,0,1,1,86.5,4.472,86.5,S,Rare,1,B
761,0,3,male,25.0,Adult,0,0,1,1,14.5,2.741,14.5,S,Mr,0,Unknown
762,0,3,male,41.0,Adult,0,0,1,1,7.125,2.095,7.12,S,Mr,0,Unknown
763,1,3,male,20.0,Adult,0,0,1,1,7.2292,2.108,7.23,C,Mr,0,Unknown
764,1,1,female,36.0,Adult,1,2,4,0,120.0,4.796,30.0,S,Mrs,1,B
765,0,3,male,16.0,Teen,0,0,1,1,7.775,2.172,7.78,S,Mr,0,Unknown
766,1,1,female,51.0,Adult,1,0,2,0,77.9583,4.369,38.98,S,Mrs,1,D
767,0,1,male,40.0,Adult,0,0,1,1,39.6,3.704,39.6,C,Rare,0,Unknown
768,0,3,female,30.5,Adult,0,0,1,1,7.75,2.169,7.75,Q,Miss,0,Unknown
769,0,3,male,25.0,Adult,1,0,2,0,24.15,3.225,12.08,Q,Mr,0,Unknown
770,0,3,male,32.0,Adult,0,0,1,1,8.3625,2.237,8.36,S,Mr,0,Unknown
771,0,3,male,24.0,Adult,0,0,1,1,9.5,2.351,9.5,S,Mr,0,Unknown
772,0,3,male,48.0,Adult,0,0,1,1,7.8542,2.181,7.85,S,Mr,0,Unknown
773,0,2,female,57.0,Adult,0,0,1,1,10.5,2.442,10.5,S,Mrs,1,E
774,0,3,male,25.0,Adult,0,0,1,1,7.225,2.107,7.22,C,Mr,0,Unknown
775,1,2,female,54.0,Adult,1,3,5,0,23.0,3.178,4.6,S,Mrs,0,Unknown
776,0,3,male,18.0,Teen,0,0,1,1,7.75,2.169,7.75,S,Mr,0,Unknown
777,0,3,male,25.0,Adult,0,0,1,1,7.75,2.169,7.75,Q,Mr,1,F
778,1,3,female,5.0,Child,0,0,1,1,12.475,2.601,12.48,S,Miss,0,Unknown
779,0,3,male,25.0,Adult,0,0,1,1,7.7375,2.168,7.74,Q,Mr,0,Unknown
780,1,1,female,43.0,Adult,0,1,2,0,211.3375,5.358,105.67,S,Mrs,1,B
781,1,3,female,13.0,Teen,0,0,1,1,7.2292,2.108,7.23,C,Miss,0,Unknown
782,1,1,female,17.0,Teen,1,0,2,0,57.0,4.06,28.5,S,Mrs,1,B
783,0,1,male,29.0,Adult,0,0,1,1,30.0,3.434,30.0,S,Mr,1,D
784,0,3,male,25.0,Adult,1,2,4,0,23.45,3.197,5.86,S,Mr,0,Unknown
785,0,3,male,25.0,Adult,0,0,1,1,7.05,2.086,7.05,S,Mr,0,Unknown
786,0,3,male,25.0,Adult,0,0,1,1,7.25,2.11,7.25,S,Mr,0,Unknown
787,1,3,female,18.0,Teen,0,0,1,1,7.4958,2.14,7.5,S,Miss,0,Unknown
788,0,3,male,8.0,Child,4,1,6,0,29.125,3.405,4.85,Q,Master,0,Unknown
789,1,3,male,1.0,Child,1,2,4,0,20.575,3.072,5.14,S,Master,0,Unknown
790,0,1,male,46.0,Adult,0,0,1,1,79.2,4.385,79.2,C,Mr,1,B
791,0,3,male,25.0,Adult,0,0,1,1,7.75,2.169,7.75,Q,Mr,0,Unknown
792,0,2,male,16.0,Teen,0,0,1,1,26.0,3.296,26.0,S,Mr,0,Unknown
793,0,3,female,21.5,Adult,8,2,11,0,69.55,4.256,6.32,S,Miss,0,Unknown
794,0,1,male,40.0,Adult,0,0,1,1,30.6958,3.456,30.7,C,Mr,0,Unknown
795,0,3,male,25.0,Adult,0,0,1,1,7.8958,2.186,7.9,S,Mr,0,Unknown
796,0,2,male,39.0,Adult,0,0,1,1,13.0,2.639,13.0,S,Mr,0,Unknown
797,1,1,female,49.0,Adult,0,0,1,1,25.9292,3.293,25.93,S,Rare,1,D
798,1,3,female,31.0,Adult,0,0,1,1,8.6833,2.27,8.68,S,Mrs,0,Unknown
799,0,3,male,30.0,Adult,0,0,1,1,7.2292,2.108,7.23,C,Mr,0,Unknown
800,0,3,female,30.0,Adult,1,1,3,0,24.15,3.225,8.05,S,Mrs,0,Unknown
801,0,2,male,34.0,Adult,0,0,1,1,13.0,2.639,13.0,S,Mr,0,Unknown
802,1,2,female,31.0,Adult,1,1,3,0,26.25,3.305,8.75,S,Mrs,0,Unknown
803,1,1,male,11.0,Child,1,2,4,0,120.0,4.796,30.0,S,Master,1,B
804,1,3,male,0.4,Child,0,1,2,0,8.5167,2.253,4.26,C,Master,0,Unknown
805,1,3,male,27.0,Adult,0,0,1,1,6.975,2.076,6.98,S,Mr,0,Unknown
806,0,3,male,31.0,Adult,0,0,1,1,7.775,2.172,7.78,S,Mr,0,Unknown
807,0,1,male,39.0,Adult,0,0,1,1,0.0,0.0,0.0,S,Mr,1,A
808,0,3,female,18.0,Teen,0,0,1,1,7.775,2.172,7.78,S,Miss,0,Unknown
809,0,2,male,39.0,Adult,0,0,1,1,13.0,2.639,13.0,S,Mr,0,Unknown
810,1,1,female,33.0,Adult,1,0,2,0,53.1,3.991,26.55,S,Mrs,1,E
811,0,3,male,26.0,Adult,0,0,1,1,7.8875,2.185,7.89,S,Mr,0,Unknown
812,0,3,male,39.0,Adult,0,0,1,1,24.15,3.225,24.15,S,Mr,0,Unknown
813,0,2,male,35.0,Adult,0,0,1,1,10.5,2.442,10.5,S,Mr,0,Unknown
814,0,3,female,6.0,Child,4,2,7,0,31.275,3.474,4.47,S,Miss,0,Unknown
815,0,3,male,30.5,Adult,0,0,1,1,8.05,2.203,8.05,S,Mr,0,Unknown
816,0,1,male,40.0,Adult,0,0,1,1,0.0,0.0,0.0,S,Mr,1,B
817,0,3,female,23.0,Adult,0,0,1,1,7.925,2.189,7.92,S,Miss,0,Unknown
818,0,2,male,31.0,Adult,1,1,3,0,37.0042,3.638,12.33,C,Mr,0,Unknown
819,0,3,male,43.0,Adult,0,0,1,1,6.45,2.008,6.45,S,Mr,0,Unknown
820,0,3,male,10.0,Child,3,2,6,0,27.9,3.364,4.65,S,Master,0,Unknown
821,1,1,female,52.0,Adult,1,1,3,0,93.5,4.549,31.17,S,Mrs,1,B
822,1,3,male,27.0,Adult,0,0,1,1,8.6625,2.268,8.66,S,Mr,0,Unknown
823,0,1,male,38.0,Adult,0,0,1,1,0.0,0.0,0.0,S,Rare,0,Unknown
824,1,3,female,27.0,Adult,0,1,2,0,12.475,2.601,6.24,S,Mrs,1,E
825,0,3,male,2.0,Child,4,1,6,0,39.6875,3.706,6.61,S,Master,0,Unknown
826,0,3,male,25.0,Adult,0,0,1,1,6.95,2.073,6.95,Q,Mr,0,Unknown
827,0,3,male,25.0,Adult,0,0,1,1,56.4958,4.052,56.5,S,Mr,0,Unknown
828,1,2,male,1.0,Child,0,2,3,0,37.0042,3.638,12.33,C,Master,0,Unknown
829,1,3,male,25.0,Adult,0,0,1,1,7.75,2.169,7.75,Q,Mr,0,Unknown
830,1,1,female,62.0,Senior,0,0,1,1,80.0,4.394,80.0,S,Mrs,1,B
831,1,3,female,15.0,Teen,1,0,2,0,14.4542,2.738,7.23,C,Mrs,0,Unknown
832,1,2,male,0.8,Child,1,1,3,0,18.75,2.983,6.25,S,Master,0,Unknown
833,0,3,male,25.0,Adult,0,0,1,1,7.2292,2.108,7.23,C,Mr,0,Unknown
834,0,3,male,23.0,Adult,0,0,1,1,7.8542,2.181,7.85,S,Mr,0,Unknown
835,0,3,male,18.0,Teen,0,0,1,1,8.3,2.23,8.3,S,Mr,0,Unknown
836,1,1,female,39.0,Adult,1,1,3,0,83.1583,4.433,27.72,C,Miss,1,E
837,0,3,male,21.0,Adult,0,0,1,1,8.6625,2.268,8.66,S,Mr,0,Unknown
838,0,3,male,25.0,Adult,0,0,1,1,8.05,2.203,8.05,S,Mr,0,Unknown
839,1,3,male,32.0,Adult,0,0,1,1,56.4958,4.052,56.5,S,Mr,0,Unknown
840,1,1,male,40.0,Adult,0,0,1,1,29.7,3.424,29.7,C,Mr,1,C
841,0,3,male,20.0,Adult,0,0,1,1,7.925,2.189,7.92,S,Mr,0,Unknown
842,0,2,male,16.0,Teen,0,0,1,1,10.5,2.442,10.5,S,Mr,0,Unknown
843,1,1,female,30.0,Adult,0,0,1,1,31.0,3.466,31.0,C,Miss,0,Unknown
844,0,3,male,34.5,Adult,0,0,1,1,6.4375,2.007,6.44,C,Mr,0,Unknown
845,0,3,male,17.0,Teen,0,0,1,1,8.6625,2.268,8.66,S,Mr,0,Unknown
846,0,3,male,42.0,Adult,0,0,1,1,7.55,2.146,7.55,S,Mr,0,Unknown
847,0,3,male,25.0,Adult,8,2,11,0,69.55,4.256,6.32,S,Mr,0,Unknown
848,0,3,male,35.0,Adult,0,0,1,1,7.8958,2.186,7.9,C,Mr,0,Unknown
849,0,2,male,28.0,Adult,0,1,2,0,33.0,3.526,16.5,S,Rare,0,Unknown
850,1,1,female,35.0,Adult,1,0,2,0,89.1042,4.501,44.55,C,Mrs,1,C
851,0,3,male,4.0,Child,4,2,7,0,31.275,3.474,4.47,S,Master,0,Unknown
852,0,3,male,74.0,Senior,0,0,1,1,7.775,2.172,7.78,S,Mr,0,Unknown
853,0,3,female,9.0,Child,1,1,3,0,15.2458,2.788,5.08,C,Miss,0,Unknown
854,1,1,female,16.0,Teen,0,1,2,0,39.4,3.699,19.7,S,Miss,1,D
855,0,2,female,44.0,Adult,1,0,2,0,26.0,3.296,13.0,S,Mrs,0,Unknown
856,1,3,female,18.0,Teen,0,1,2,0,9.35,2.337,4.68,S,Mrs,0,Unknown
857,1,1,female,45.0,Adult,1,1,3,0,164.8667,5.111,54.96,S,Mrs,0,Unknown
858,1,1,male,51.0,Adult,0,0,1,1,26.55,3.316,26.55,S,Mr,1,E
859,1,3,female,24.0,Adult,0,3,4,0,19.2583,3.009,4.81,C,Mrs,0,Unknown
860,0,3,male,25.0,Adult,0,0,1,1,7.2292,2.108,7.23,C,Mr,0,Unknown
861,0,3,male,41.0,Adult,2,0,3,0,14.1083,2.715,4.7,S,Mr,0,Unknown
862,0,2,male,21.0,Adult,1,0,2,0,11.5,2.526,5.75,S,Mr,0,Unknown
863,1,1,female,48.0,Adult,0,0,1,1,25.9292,3.293,25.93,S,Mrs,1,D
864,0,3,female,21.5,Adult,8,2,11,0,69.55,4.256,6.32,S,Miss,0,Unknown
865,0,2,male,24.0,Adult,0,0,1,1,13.0,2.639,13.0,S,Mr,0,Unknown
866,1,2,female,42.0,Adult,0,0,1,1,13.0,2.639,13.0,S,Mrs,0,Unknown
867,1,2,female,27.0,Adult,1,0,2,0,13.8583,2.699,6.93,C,Miss,0,Unknown
868,0,1,male,31.0,Adult,0,0,1,1,50.4958,3.942,50.5,S,Mr,1,A
869,0,3,male,25.0,Adult,0,0,1,1,9.5,2.351,9.5,S,Mr,0,Unknown
870,1,3,male,4.0,Child,1,1,3,0,11.1333,2.496,3.71,S,Master,0,Unknown
871,0,3,male,26.0,Adult,0,0,1,1,7.8958,2.186,7.9,S,Mr,0,Unknown
872,1,1,female,47.0,Adult,1,1,3,0,52.5542,3.981,17.52,S,Mrs,1,D
873,0,1,male,33.0,Adult,0,0,1,1,5.0,1.792,5.0,S,Mr,1,B
874,0,3,male,47.0,Adult,0,0,1,1,9.0,2.303,9.0,S,Mr,0,Unknown
875,1,2,female,28.0,Adult,1,0,2,0,24.0,3.219,12.0,C,Mrs,0,Unknown
876,1,3,female,15.0,Teen,0,0,1,1,7.225,2.107,7.22,C,Miss,0,Unknown
877,0,3,male,20.0,Adult,0,0,1,1,9.8458,2.384,9.85,S,Mr,0,Unknown
878,0,3,male,19.0,Adult,0,0,1,1,7.8958,2.186,7.9,S,Mr,0,Unknown
879,0,3,male,25.0,Adult,0,0,1,1,7.8958,2.186,7.9,S,Mr,0,Unknown
880,1,1,female,56.0,Adult,0,1,2,0,83.1583,4.433,41.58,C,Mrs,1,C
881,1,2,female,25.0,Adult,0,1,2,0,26.0,3.296,13.0,S,Mrs,0,Unknown
882,0,3,male,33.0,Adult,0,0,1,1,7.8958,2.186,7.9,S,Mr,0,Unknown
883,0,3,female,22.0,Adult,0,0,1,1,10.5167,2.444,10.52,S,Miss,0,Unknown
884,0,2,male,28.0,Adult,0,0,1,1,10.5,2.442,10.5,S,Mr,0,Unknown
885,0,3,male,25.0,Adult,0,0,1,1,7.05,2.086,7.05,S,Mr,0,Unknown
886,0,3,female,39.0,Adult,0,5,6,0,29.125,3.405,4.85,Q,Mrs,0,Unknown
887,0,2,male,27.0,Adult,0,0,1,1,13.0,2.639,13.0,S,Rare,0,Unknown
888,1,1,female,19.0,Adult,0,0,1,1,30.0,3.434,30.0,S,Miss,1,B
889,0,3,female,21.5,Adult,1,2,4,0,23.45,3.197,5.86,S,Miss,0,Unknown
890,1,1,male,26.0,Adult,0,0,1,1,30.0,3.434,30.0,C,Mr,1,C
891,0,3,male,32.0,Adult,0,0,1,1,7.75,2.169,7.75,Q,Mr,0,Unknown
